{
	"format_version": "1.8.0",
	"geometry.blazeking": {
		"texturewidth": 64,
		"textureheight": 32,
		"visible_bounds_width": 2,
		"visible_bounds_height": 1,
		"visible_bounds_offset": [0, 0.5, 0],
		"bones": [
			{
				"name": "upperBodyParts0",
				"pivot": [0, 24, 0],
				"cubes": [
					{"origin": [0, 16, 0], "size": [2, 8, 2], "uv": [0, 16]}
				]
			},
			{
				"name": "upperBodyParts1",
				"pivot": [0, 24, 0],
				"cubes": [
					{"origin": [0, 16, 0], "size": [2, 8, 2], "uv": [0, 16]}
				]
			},
			{
				"name": "upperBodyParts2",
				"pivot": [0, 24, 0],
				"cubes": [
					{"origin": [0, 16, 0], "size": [2, 8, 2], "uv": [0, 16]}
				]
			},
			{
				"name": "upperBodyParts3",
				"pivot": [0, 24, 0],
				"cubes": [
					{"origin": [0, 16, 0], "size": [2, 8, 2], "uv": [0, 16]}
				]
			},
			{
				"name": "upperBodyParts4",
				"pivot": [0, 24, 0],
				"cubes": [
					{"origin": [0, 16, 0], "size": [2, 8, 2], "uv": [0, 16]}
				]
			},
			{
				"name": "upperBodyParts5",
				"pivot": [0, 24, 0],
				"cubes": [
					{"origin": [0, 16, 0], "size": [2, 8, 2], "uv": [0, 16]}
				]
			},
			{
				"name": "upperBodyParts6",
				"pivot": [0, 24, 0],
				"cubes": [
					{"origin": [0, 16, 0], "size": [2, 8, 2], "uv": [0, 16]}
				]
			},
			{
				"name": "upperBodyParts7",
				"pivot": [0, 24, 0],
				"cubes": [
					{"origin": [0, 16, 0], "size": [2, 8, 2], "uv": [0, 16]}
				]
			},
			{
				"name": "upperBodyParts8",
				"pivot": [0, 24, 0],
				"cubes": [
					{"origin": [0, 16, 0], "size": [2, 8, 2], "uv": [0, 16]}
				]
			},
			{
				"name": "upperBodyParts9",
				"pivot": [0, 24, 0],
				"cubes": [
					{"origin": [0, 16, 0], "size": [2, 8, 2], "uv": [0, 16]}
				]
			},
			{
				"name": "upperBodyParts10",
				"pivot": [0, 24, 0],
				"cubes": [
					{"origin": [0, 16, 0], "size": [2, 8, 2], "uv": [0, 16]}
				]
			},
			{
				"name": "upperBodyParts11",
				"pivot": [0, 24, 0],
				"cubes": [
					{"origin": [0, 16, 0], "size": [2, 8, 2], "uv": [0, 16]}
				]
			},
			{
				"name": "head",
				"pivot": [0, 24, 0],
				"cubes": [
					{"origin": [-4, 20, -4], "size": [8, 8, 8], "uv": [0, 0]},
					{"origin": [3.5, 27, -4.5], "size": [1, 1.5, 9], "uv": [46, 0]},
					{"origin": [4, 20, -4], "size": [0.5, 7, 8.5], "uv": [46, 0]},
					{"origin": [-4.5, 20, -4], "size": [0.5, 7, 8.5], "uv": [46, 0]},
					{"origin": [-2, 27, -4.5], "size": [4, 1, 1], "uv": [46, 0]},
					{"origin": [-2, 27, 3.5], "size": [4, 1, 1], "uv": [46, 0]},
					{"origin": [-1, 28, -4.5], "size": [2, 1, 1], "uv": [58, 0]},
					{"origin": [-1, 28, 3.5], "size": [2, 1, 1], "uv": [58, 0]},
					{"origin": [-4.5, 27, -4.5], "size": [1, 1.5, 9], "uv": [46, 0]},
					{"origin": [-4.5, 25, -4.5], "size": [9, 2, 0.5], "uv": [44, 0]},
					{"origin": [3.5, 20, -4.5], "size": [1, 5, 0.5], "uv": [46, 0]},
					{"origin": [-4.5, 20, -4.5], "size": [1, 5, 0.5], "uv": [46, 0]},
					{"origin": [2.5, 20, -4.5], "size": [1, 4, 0.5], "uv": [46, 0]},
					{"origin": [-3.5, 20, -4.5], "size": [1, 4, 0.5], "uv": [46, 0]},
					{"origin": [-4, 20, 4], "size": [8, 7, 0.5], "uv": [46, 0]}
				]
			}
		]
	}
}