{
	"format_version": "1.8.0",
	"geometry.frog": {
		"texturewidth": 32,
		"textureheight": 32,
		"visible_bounds_width": 2,
		"visible_bounds_height": 1,
		"visible_bounds_offset": [0, 0.5, 0],
		"bones": [
			{
				"name": "bone",
				"pivot": [0, 0, 0]
			},
			{
				"name": "group",
				"parent": "bone",
				"pivot": [-9, 1.5, 8.5]
			},
			{
				"name": "body",
				"parent": "group",
				"pivot": [-9, 1.5, 8.5],
				"rotation": [-15, 0, 0],
				"cubes": [
					{"origin": [-2, -1.42388, -3.61732], "size": [4, 2, 6], "uv": [0, 0]},
					{"origin": [-2, 0.57612, -3.61732], "size": [1, 1, 1], "uv": [8, 8]},
					{"origin": [1, 0.57612, -3.61732], "size": [1, 1, 1], "uv": [8, 8]}
				]
			},
			{
				"name": "frontLegRight",
				"parent": "group",
				"pivot": [-3, 7, -1],
				"rotation": [-10, 0, 0],
				"mirror": true,
				"cubes": [
					{"origin": [-2.40011, 0.00004, -2.00015], "size": [1, 3, 1], "uv": [0, 8], "mirror": false}
				]
			},
			{
				"name": "frontLegLeft",
				"parent": "group",
				"pivot": [3, 7, -1],
				"rotation": [-10, 0, 0],
				"mirror": true,
				"cubes": [
					{"origin": [1.59989, 0.00004, -2.00015], "size": [1, 3, 1], "uv": [4, 8], "mirror": false}
				]
			},
			{
				"name": "rearFootRight",
				"parent": "group",
				"pivot": [-3, 6.5, 3.7],
				"mirror": true,
				"cubes": [
					{"origin": [-2.40011, 0.00004, -0.10015], "size": [1, 1, 2], "uv": [0, 0], "mirror": false}
				]
			},
			{
				"name": "rearFootLeft",
				"parent": "group",
				"pivot": [3, 6.5, 3.7],
				"mirror": true,
				"cubes": [
					{"origin": [1.59989, 0.00004, -0.10015], "size": [1, 1, 2], "uv": [0, 3], "mirror": false}
				]
			}
		]
	}
}