{
	"format_version": "1.8.0",
	"geometry.ghost": {
		"texturewidth": 64,
		"textureheight": 64,
		"visible_bounds_width": 2,
		"visible_bounds_height": 2,
		"visible_bounds_offset": [0, 1, 0],
		"bones": [
			{
				"name": "body",
				"pivot": [0, 24, 0],
				"cubes": [
					{"origin": [-4, 12, -2], "size": [8, 12, 4], "uv": [16, 16]}
				]
			},
			{
				"name": "head",
				"parent": "body",
				"pivot": [0, 24, 0],
				"cubes": [
					{"origin": [-4, 24, -4], "size": [8, 8, 8], "uv": [0, 0]},
					{"origin": [-4, 24, -4], "size": [8, 8, 8], "uv": [0, 48], "inflate": 0.1}
				]
			},
			{
				"name": "rightArm",
				"parent": "body",
				"pivot": [-5, 22, 0],
				"cubes": [
					{"origin": [-8, 12, -2], "size": [4, 12, 4], "uv": [40, 16]}
				]
			},
			{
				"name": "leftArm",
				"parent": "body",
				"pivot": [5, 22, 0],
				"mirror": true,
				"cubes": [
					{"origin": [4, 12, -2], "size": [4, 12, 4], "uv": [40, 16]}
				]
			},
			{
				"name": "leg0",
				"parent": "body",
				"pivot": [-1.9, 12, 0],
				"rotation": [5, 0, 0],
				"cubes": [
					{"origin": [-3.9, 0.5, -2], "size": [4, 12, 4], "uv": [0, 16]},
					{"origin": [-0.1, 0.5, -2], "size": [4, 12, 4], "uv": [0, 16], "mirror": true}
				]
			},
			{
				"name": "leftwing",
				"parent": "body",
				"pivot": [0, 24, 0],
				"mirror": true
			},
			{
				"name": "rightwing",
				"parent": "body",
				"pivot": [0, 24, 0]
			},
			{
				"name": "rightItem",
				"pivot": [-6, 13, 0]
			}
		]
	}
}