{
	"format_version": "1.8.0",
	"geometry.ogre": {
		"texturewidth": 128,
		"textureheight": 128,
		"visible_bounds_width": 3,
		"visible_bounds_height": 3,
		"visible_bounds_offset": [0, 1.5, 0],
		"bones": [
			{
				"name": "body",
				"pivot": [0, 31, 0],
				"cubes": [
					{"origin": [-8, 15, -6], "size": [16, 11, 9], "uv": [0, 0]},
					{"origin": [-8, 15, -6], "size": [16, 11, 9], "uv": [74, 33]},
					{"origin": [-7, 26, -5], "size": [14, 6, 8], "uv": [0, 20]}
				]
			},
			{
				"name": "head",
				"parent": "body",
				"pivot": [0, 31, -2],
				"cubes": [
					{"origin": [-4, 32, -5.5], "size": [8, 8, 8], "uv": [42, 12]},
					{"origin": [-4, 32, -5.5], "size": [8, 8, 8], "uv": [96, 112], "inflate": 0.5},
					{"origin": [4, 36, -2.5], "size": [1, 3, 1], "uv": [95, 19]},
					{"origin": [-5, 36, -2.5], "size": [1, 3, 1], "uv": [95, 19]},
					{"origin": [4, 35, -3.5], "size": [1, 1, 2], "uv": [95, 19]},
					{"origin": [-5, 35, -3.5], "size": [1, 1, 2], "uv": [95, 19]},
					{"origin": [4, 36, -3.5], "size": [1, 1, 1], "uv": [95, 19]},
					{"origin": [-5, 36, -3.5], "size": [1, 1, 1], "uv": [95, 19]},
					{"origin": [4, 36, -1.5], "size": [1, 4, 1], "uv": [96, 17]},
					{"origin": [-5, 36, -1.5], "size": [1, 4, 1], "uv": [96, 17]},
					{"origin": [4, 37, -0.5], "size": [1, 4, 1], "uv": [96, 17]},
					{"origin": [-5, 37, -0.5], "size": [1, 4, 1], "uv": [96, 17]}
				],
				"locators": {
					"lead": [0, 30, -2]
				}
			},
			{
				"name": "arm0",
				"parent": "body",
				"pivot": [0, 31, 0],
				"cubes": [
					{"origin": [-12, 14.5, -3], "size": [5, 17, 6], "uv": [22, 49]},
					{"origin": [-11, 15.5, 1], "size": [3, 3, 6], "uv": [41, 0]},
					{"origin": [-11, 15.5, -4], "size": [3, 3, 1], "uv": [0, 0]},
					{"origin": [-12, 14.5, -17], "size": [5, 5, 13], "uv": [31, 31]},
					{"origin": [-11, 14.5, -26], "size": [4, 5, 5], "uv": [22, 34]},
					{"origin": [-12, 14.5, -21], "size": [4, 5, 4], "uv": [54, 28]}
				]
			},
			{
				"name": "arm1",
				"parent": "body",
				"pivot": [0, 31, 0],
				"cubes": [
					{"origin": [7, 14.5, -3], "size": [5, 17, 6], "uv": [0, 34]}
				]
			},
			{
				"name": "leg0",
				"parent": "body",
				"pivot": [-4, 13, 0],
				"cubes": [
					{"origin": [-6.5, 0, -3], "size": [6, 15, 5], "uv": [0, 60]}
				]
			},
			{
				"name": "leg1",
				"parent": "body",
				"pivot": [5, 13, 0],
				"mirror": true,
				"cubes": [
					{"origin": [0.5, 0, -3], "size": [6, 15, 5], "uv": [44, 49], "mirror": false}
				]
			}
		]
	}
}