{
	"format_version": "1.8.0",
	"geometry.orbstat": {
		"texturewidth": 64,
		"textureheight": 32,
		"visible_bounds_width": 2,
		"visible_bounds_height": 1,
		"visible_bounds_offset": [0, 0.5, 0],
		"bones": [
			{
				"name": "upperBodyParts0",
				"pivot": [0, 24, 0],
				"cubes": [
					{"origin": [0, 1, 0], "size": [2, 8, 2], "uv": [0, 0]}
				]
			},
			{
				"name": "upperBodyParts1",
				"pivot": [0, 24, 0],
				"cubes": [
					{"origin": [0, 1, 0], "size": [2, 8, 2], "uv": [0, 0]}
				]
			},
			{
				"name": "upperBodyParts2",
				"pivot": [0, 24, 0],
				"cubes": [
					{"origin": [0, 1, 0], "size": [2, 8, 2], "uv": [0, 0]}
				]
			},
			{
				"name": "upperBodyParts3",
				"pivot": [0, 24, 0],
				"cubes": [
					{"origin": [0, 1, 0], "size": [2, 8, 2], "uv": [0, 0]}
				]
			},
			{
				"name": "bone",
				"pivot": [0, 0, 0],
				"cubes": [
					{"origin": [-4, 4, -4], "size": [8, 8, 8], "uv": [15, 16]}
				]
			}
		]
	}
}