{
	"format_version": "1.8.0",
	"geometry.orcane": {
		"texturewidth": 64,
		"textureheight": 64,
		"visible_bounds_width": 4,
		"visible_bounds_height": 2,
		"visible_bounds_offset": [0, 1, 0],
		"bones": [
			{
				"name": "head",
				"pivot": [-1, 6, -3],
				"mirror": true,
				"cubes": [
					{"origin": [-5, 6, -9], "size": [8, 7, 6], "uv": [0, 20], "mirror": false},
					{"origin": [-5, 7, -12], "size": [8, 6, 3], "uv": [27, 17], "mirror": false},
					{"origin": [-5, 6, -12], "size": [8, 1, 3], "uv": [30, 11], "mirror": false},
					{"origin": [-4, 7, -13], "size": [6, 5, 1], "uv": [32, 20], "mirror": false}
				]
			},
			{
				"name": "bone2",
				"parent": "head",
				"pivot": [3, 6, -12],
				"cubes": [
					{"origin": [-4, 6, -13], "size": [6, 1, 1], "uv": [0, 36]}
				]
			},
			{
				"name": "nose",
				"parent": "head",
				"pivot": [0, 0, -13],
				"mirror": true
			},
			{
				"name": "leg3",
				"pivot": [0.5, 8, -4],
				"cubes": [
					{"origin": [1.5, 0.3, -5], "size": [2, 8, 2], "uv": [41, 41], "inflate": 0.3}
				]
			},
			{
				"name": "leg2",
				"pivot": [-2.5, 8, -4],
				"cubes": [
					{"origin": [-5.5, 0.3, -5], "size": [2, 8, 2], "uv": [8, 41], "inflate": 0.4}
				]
			},
			{
				"name": "leg1",
				"pivot": [0.5, 8, 7],
				"cubes": [
					{"origin": [1.5, 0.3, 6], "size": [2, 8, 2], "uv": [0, 39], "inflate": 0.3}
				]
			},
			{
				"name": "leg0",
				"pivot": [-2.5, 8, 7],
				"cubes": [
					{"origin": [-5.5, 0.3, 6], "size": [2, 8, 2], "uv": [14, 33], "inflate": 0.3}
				]
			},
			{
				"name": "body",
				"pivot": [0, 9, 0],
				"cubes": [
					{"origin": [-5, 1, -4], "size": [8, 13, 7], "uv": [0, 0]}
				]
			},
			{
				"name": "flipper",
				"parent": "body",
				"pivot": [0, 0.5, -1],
				"mirror": true,
				"cubes": [
					{"origin": [-3, -10, -4], "size": [4, 11, 5], "uv": [23, 28], "mirror": false}
				]
			},
			{
				"name": "tail_fin",
				"parent": "flipper",
				"pivot": [0, 2.5, 20],
				"mirror": true,
				"cubes": [
					{"origin": [-6, -14, -2], "size": [10, 6, 1], "uv": [23, 0], "mirror": false}
				]
			},
			{
				"name": "back_fin",
				"parent": "body",
				"pivot": [0, 7, 4],
				"mirror": true,
				"cubes": [
					{"origin": [-1.5, 9, 3], "size": [1, 3, 3], "uv": [32, 18], "mirror": false},
					{"origin": [-1.5, 9, 6], "size": [1, 2, 1], "uv": [21, 11], "mirror": false}
				]
			}
		]
	},
	"geometry.dolphin": {
		"texturewidth": 64,
		"textureheight": 64,
		"visible_bounds_width": 4,
		"visible_bounds_height": 2,
		"visible_bounds_offset": [0, 1, 0],
		"bones": [
			{
				"name": "leg0",
				"pivot": [-2.5, 8, 7],
				"cubes": [
					{"origin": [-3.5, 0, 6], "size": [2, 8, 2], "uv": [0, 18]}
				]
			},
			{
				"name": "leg1",
				"pivot": [0.5, 8, 7],
				"cubes": [
					{"origin": [-0.5, 0, 6], "size": [2, 8, 2], "uv": [0, 18]}
				]
			},
			{
				"name": "leg2",
				"pivot": [-2.5, 8, -4],
				"cubes": [
					{"origin": [-3.5, 0, -5], "size": [2, 8, 2], "uv": [0, 18]}
				]
			},
			{
				"name": "leg3",
				"pivot": [0.5, 8, -4],
				"cubes": [
					{"origin": [-0.5, 0, -5], "size": [2, 8, 2], "uv": [0, 18]}
				]
			},
			{
				"name": "body",
				"pivot": [0, 0, -3],
				"mirror": true,
				"cubes": [
					{"origin": [-5, 6, -3], "size": [8, 7, 13], "uv": [0, 13]}
				]
			},
			{
				"name": "head",
				"parent": "body",
				"pivot": [0, 0, -3],
				"mirror": true,
				"cubes": [
					{"origin": [-5, 6, -9], "size": [8, 7, 6], "uv": [0, 0]}
				]
			},
			{
				"name": "nose",
				"parent": "head",
				"pivot": [0, 0, -13],
				"mirror": true
			},
			{
				"name": "tail",
				"parent": "body",
				"pivot": [0, 2.5, 11],
				"mirror": true,
				"cubes": [
					{"origin": [-3, 6, 10], "size": [4, 5, 11], "uv": [0, 33]}
				]
			},
			{
				"name": "tail_fin",
				"parent": "tail",
				"pivot": [0, 2.5, 20],
				"mirror": true,
				"cubes": [
					{"origin": [-6, 8, 19], "size": [10, 1, 6], "uv": [0, 49]}
				]
			},
			{
				"name": "back_fin",
				"parent": "tail",
				"pivot": [0, 7, 4],
				"mirror": true,
				"cubes": [
					{"origin": [-1.5, 13, 3], "size": [1, 5, 4], "uv": [29, 0]}
				]
			}
		]
	}
}