{
	"format_version": "1.8.0",
	"geometry.pig.v1.8": {
		"texturewidth": 64,
		"textureheight": 32,
		"visible_bounds_width": 2,
		"visible_bounds_height": 2,
		"visible_bounds_offset": [0, 1, 0],
		"bones": [
			{
				"name": "body",
				"pivot": [0, 13, 2],
				"cubes": [
					{"origin": [-5, 7, -5], "size": [10, 16, 8], "uv": [28, 8]}
				]
			},
			{
				"name": "head",
				"parent": "body",
				"pivot": [0, 12, -6],
				"cubes": [
					{"origin": [-4, 8, -14], "size": [8, 8, 8], "uv": [0, 0]}
				],
				"locators": {
					"lead": [0, 14, -6]
				}
			},
			{
				"name": "nose",
				"parent": "head",
				"pivot": [0, 24, 0],
				"cubes": [
					{"origin": [-2, 9, -15], "size": [4, 3, 1], "uv": [16, 16]}
				]
			},
			{
				"name": "ear2",
				"parent": "head",
				"pivot": [0, 24, 0],
				"rotation": [0, 0, 25],
				"cubes": [
					{"origin": [0.5, 9.5, -12], "size": [1, 4, 4], "uv": [52, 18]}
				]
			},
			{
				"name": "ear",
				"parent": "head",
				"pivot": [0, 24, 0],
				"rotation": [0, 0, -30],
				"cubes": [
					{"origin": [-2.5, 9.5, -12], "size": [1, 4, 4], "uv": [48, 20]}
				]
			},
			{
				"name": "leg0",
				"parent": "body",
				"pivot": [-3, 6, 7],
				"cubes": [
					{"origin": [-5, 0, 5], "size": [4, 6, 4], "uv": [0, 16]}
				]
			},
			{
				"name": "leg1",
				"parent": "body",
				"pivot": [3, 6, 7],
				"mirror": true,
				"cubes": [
					{"origin": [1, 0, 5], "size": [4, 6, 4], "uv": [0, 16]}
				]
			},
			{
				"name": "leg2",
				"parent": "body",
				"pivot": [-3, 6, -5],
				"cubes": [
					{"origin": [-5, 0, -7], "size": [4, 6, 4], "uv": [0, 16]}
				]
			},
			{
				"name": "leg3",
				"parent": "body",
				"pivot": [3, 6, -5],
				"mirror": true,
				"cubes": [
					{"origin": [1, 0, -7], "size": [4, 6, 4], "uv": [0, 16]}
				]
			}
		]
	}
}