{
	"format_version": "1.10.0",
	"geometry.stalagmite": {
		"texturewidth": 64,
		"textureheight": 32,
		"visible_bounds_width": 2,
		"visible_bounds_height": 2,
		"visible_bounds_offset": [0, 1, 0],
		"bones": [
            {
					"name": "stalagmite_body",
					"pivot": [0, 0, 0],
					"cubes": [
						{"origin": [-6, 0, -6], "size": [12, 16, 12], "uv": [0, 0]},
						{"origin": [-4, 16, -4], "size": [8, 14, 8], "uv": [0, 0]},
						{"origin": [-2, 30, -2], "size": [4, 12, 4], "uv": [0, 0]}
					]
            }
			
		]
	}
}