{
	"geometry.swordsman": {
		"texturewidth": 64,
		"textureheight": 64,
		"visible_bounds_width": 2,
		"visible_bounds_height": 2,
		"visible_bounds_offset": [0, 1, 0],
		"bones": [
			{
				"name": "body",
				"pivot": [0, 0, 0],
				"cubes": [
					{"origin": [-4, 12, -2], "size": [8, 12, 4], "uv": [16, 16]},
					{"origin": [-4, 12, -2], "size": [8, 12, 4], "uv": [16, 32]}
				]
			},
			{
				"name": "head",
				"pivot": [0, 24, 0],
				"cubes": [
					{"origin": [-4, 24, -4], "size": [8, 8, 8], "uv": [0, 0]},
					{"origin": [-4, 24, -4], "size": [8, 8, 8], "uv": [32, 0], "inflate": 0.1}
				]
			},
			{
				"name": "rightArm",
				"pivot": [-5, 22, 0],
				"cubes": [
					{"origin": [-7, 12, -2], "size": [3, 12, 4], "uv": [40, 16]},
					{"origin": [-7, 12, -2], "size": [3, 12, 4], "uv": [40, 32], "inflate": 0.1}
				]
			},
			{
				"name": "rightItem",
				"parent": "rightArm",
				"pivot": [-1, 17, 1]
			},
			{
				"name": "leftArm",
				"pivot": [4, 22, 0],
				"cubes": [
					{"origin": [4, 12, -2], "size": [3, 12, 4], "uv": [40, 16]},
					{"origin": [4, 12, -2], "size": [3, 12, 4], "uv": [48, 48], "inflate": 0.1}
				]
			},
			{
				"name": "rightLeg",
				"pivot": [-2, 12, -1],
				"cubes": [
					{"origin": [-4, 0, -2], "size": [4, 12, 4], "uv": [0, 16]},
					{"origin": [-4, 0, -2], "size": [4, 12, 4], "uv": [0, 32], "inflate": 0.1}
				]
			},
			{
				"name": "leftLeg",
				"pivot": [1, 12, -1],
				"cubes": [
					{"origin": [0, 0, -2], "size": [4, 12, 4], "uv": [0, 16]},
					{"origin": [0, 0, -2], "size": [4, 12, 4], "uv": [0, 48], "inflate": 0.1}
				]
			}
		]
	}
}