{
	"format_version": "1.8.0",
	"geometry.turtdrag": {
		"texturewidth": 128,
		"textureheight": 64,
		"visible_bounds_width": 6,
		"visible_bounds_height": 1,
		"visible_bounds_offset": [0, 0.5, 0],
		"bones": [
			{
				"name": "leg3",
				"pivot": [5, 3, -4],
				"cubes": [
					{"origin": [5, 2, -6], "size": [13, 1, 5], "uv": [26, 24]},
					{"origin": [19, 2, -3], "size": [1, 1, 7], "uv": [38, 53]},
					{"origin": [13, 2, -1], "size": [5, 1, 2], "uv": [31, 10]},
					{"origin": [10, 2, -1], "size": [3, 1, 1], "uv": [43, 12]},
					{"origin": [18, 2, -5], "size": [1, 1, 7], "uv": [35, 47]}
				]
			},
			{
				"name": "leg0",
				"pivot": [-3.5, 2, 11],
				"cubes": [
					{"origin": [-6.5, 1, 11], "size": [4, 1, 10], "uv": [0, 23]},
					{"origin": [-7.5, 1, 8], "size": [1, 1, 10], "uv": [0, 23]}
				]
			},
			{
				"name": "head",
				"pivot": [0, 5, -10],
				"cubes": [
					{"origin": [-3, 1, -13], "size": [6, 5, 6], "uv": [2, 0]}
				]
			},
			{
				"name": "ear",
				"parent": "head",
				"pivot": [11, 23, 4],
				"rotation": [90, 0, 0],
				"cubes": [
					{"origin": [3, 37, -14], "size": [1, 2, 2], "uv": [44, 46]},
					{"origin": [3, 39, -14], "size": [1, 1, 1], "uv": [44, 46]},
					{"origin": [3, 35, -13], "size": [1, 2, 1], "uv": [44, 46]},
					{"origin": [3, 34.5, -12], "size": [1, 3, 0.5], "uv": [44, 46]},
					{"origin": [-4, 34.5, -12], "size": [1, 3, 0.5], "uv": [44, 46]}
				]
			},
			{
				"name": "ear2",
				"parent": "ear",
				"pivot": [4, 23, 4],
				"cubes": [
					{"origin": [-4, 37, -14], "size": [1, 2, 2], "uv": [44, 46]},
					{"origin": [-4, 39, -14], "size": [1, 1, 1], "uv": [44, 46]},
					{"origin": [-4, 35, -13], "size": [1, 2, 1], "uv": [44, 46]},
					{"origin": [2, 40, -18], "size": [1, 1, 2], "uv": [44, 46]},
					{"origin": [-3, 40, -18], "size": [1, 1, 2], "uv": [44, 46]},
					{"origin": [-2, 40, -18], "size": [4, 2, 3], "uv": [39, 47]}
				]
			},
			{
				"name": "1",
				"pivot": [0, 13, -10],
				"rotation": [90, 0, 0],
				"cubes": [
					{"origin": [-9.5, -10, -20], "size": [19, 20, 6], "uv": [6, 37]},
					{"origin": [-5.5, -8, -23], "size": [11, 18, 3], "uv": [30, 1]}
				]
			},
			{
				"name": "eggbelly",
				"parent": "1",
				"pivot": [0, 13, -10],
				"cubes": [
					{"origin": [-4.5, -8, -24], "size": [9, 18, 1], "uv": [69, 33]}
				]
			},
			{
				"name": "bone2",
				"pivot": [4, 23, 8],
				"rotation": [90, 0, 0],
				"cubes": [
					{"origin": [-3.25, 29.75, -1], "size": [1.5, 1.5, 0.5], "uv": [39, 51]},
					{"origin": [-3.65, 29.35, -3], "size": [2.3, 2.3, 0.5], "uv": [39, 51]},
					{"origin": [-3, 30, -1], "size": [1, 1, 2], "uv": [39, 51]},
					{"origin": [-3.5, 29.5, -3], "size": [2, 2, 2], "uv": [39, 51]},
					{"origin": [-3, 30, -5], "size": [1, 1, 1], "uv": [39, 51], "inflate": 1}
				]
			},
			{
				"name": "boner",
				"pivot": [11, 23, 4],
				"rotation": [90, 0, 0],
				"cubes": [
					{"origin": [3.75, 29.75, -5], "size": [1.5, 1.5, 0.5], "uv": [44, 51]},
					{"origin": [3.35, 29.35, -7], "size": [2.3, 2.3, 0.5], "uv": [44, 51]},
					{"origin": [4, 30, -5], "size": [1, 1, 2], "uv": [44, 51]},
					{"origin": [3.5, 29.5, -7], "size": [2, 2, 2], "uv": [44, 51]},
					{"origin": [4, 30, -9], "size": [1, 1, 1], "uv": [44, 51], "inflate": 1}
				]
			},
			{
				"name": "bone4",
				"pivot": [13, 23, 12],
				"rotation": [90, 0, 0],
				"cubes": [
					{"origin": [5.75, 29.75, 3], "size": [1.5, 1.5, 0.5], "uv": [46, 49]},
					{"origin": [5.35, 29.35, 1], "size": [2.3, 2.3, 0.5], "uv": [46, 49]},
					{"origin": [6, 30, 3], "size": [1, 1, 2], "uv": [46, 49]},
					{"origin": [5.5, 29.5, 1], "size": [2, 2, 2], "uv": [46, 49]},
					{"origin": [6, 30, -1], "size": [1, 1, 1], "uv": [46, 49], "inflate": 1}
				]
			},
			{
				"name": "bone5",
				"pivot": [1, 23, 19],
				"rotation": [90, 0, 0],
				"cubes": [
					{"origin": [-6.25, 29.75, 10], "size": [1.5, 1.5, 0.5], "uv": [43, 47]},
					{"origin": [-6.65, 29.35, 8], "size": [2.3, 2.3, 0.5], "uv": [43, 47]},
					{"origin": [-6, 30, 10], "size": [1, 1, 2], "uv": [43, 47]},
					{"origin": [-6.5, 29.5, 8], "size": [2, 2, 2], "uv": [43, 47]},
					{"origin": [-6, 30, 6], "size": [1, 1, 1], "uv": [43, 47], "inflate": 1}
				]
			},
			{
				"name": "bone6",
				"pivot": [7, 23, 15],
				"rotation": [90, 0, 0],
				"cubes": [
					{"origin": [-0.25, 29.75, 6], "size": [1.5, 1.5, 0.5], "uv": [44, 46]},
					{"origin": [-0.65, 29.35, 4], "size": [2.3, 2.3, 0.5], "uv": [44, 46]},
					{"origin": [0, 30, 6], "size": [1, 1, 2], "uv": [44, 46]},
					{"origin": [-0.5, 29.5, 4], "size": [2, 2, 2], "uv": [44, 46]},
					{"origin": [0, 30, 2], "size": [1, 1, 1], "uv": [44, 46], "inflate": 1}
				]
			},
			{
				"name": "bone7",
				"pivot": [0, 23, 13],
				"rotation": [90, 0, 0],
				"cubes": [
					{"origin": [-7.25, 29.75, 4], "size": [1.5, 1.5, 0.5], "uv": [41, 56]},
					{"origin": [-7.65, 29.35, 2], "size": [2.3, 2.3, 0.5], "uv": [41, 56]},
					{"origin": [-7, 30, 4], "size": [1, 1, 2], "uv": [41, 56]},
					{"origin": [-7.5, 29.5, 2], "size": [2, 2, 2], "uv": [41, 56]},
					{"origin": [-7, 30, 0], "size": [1, 1, 1], "uv": [41, 56], "inflate": 1}
				]
			},
			{
				"name": "bone8",
				"pivot": [14, 23, 18],
				"rotation": [90, 0, 0],
				"cubes": [
					{"origin": [6.75, 29.75, 9], "size": [1.5, 1.5, 0.5], "uv": [44, 53]},
					{"origin": [6.35, 29.35, 7], "size": [2.3, 2.3, 0.5], "uv": [44, 53]},
					{"origin": [7, 30, 9], "size": [1, 1, 2], "uv": [44, 53]},
					{"origin": [6.5, 29.5, 7], "size": [2, 2, 2], "uv": [44, 53]},
					{"origin": [7, 30, 5], "size": [1, 1, 1], "uv": [44, 53], "inflate": 1}
				]
			},
			{
				"name": "bone9",
				"pivot": [0, 23, 4],
				"rotation": [90, 0, 0],
				"cubes": [
					{"origin": [-7.25, 29.75, -5], "size": [1.5, 1.5, 0.5], "uv": [47, 47]},
					{"origin": [-7.65, 29.35, -7], "size": [2.3, 2.3, 0.5], "uv": [47, 47]},
					{"origin": [-7, 30, -5], "size": [1, 1, 2], "uv": [47, 47]},
					{"origin": [-7.5, 29.5, -7], "size": [2, 2, 2], "uv": [47, 47]},
					{"origin": [-7, 30, -9], "size": [1, 1, 1], "uv": [47, 47], "inflate": 1}
				]
			},
			{
				"name": "leg2",
				"pivot": [-5, 3, -4],
				"cubes": [
					{"origin": [-18, 2, -6], "size": [13, 1, 5], "uv": [26, 24], "mirror": true},
					{"origin": [-20, 2, -3], "size": [1, 1, 7], "uv": [39, 45], "mirror": true},
					{"origin": [-18, 2, -1], "size": [5, 1, 2], "uv": [33, 8], "mirror": true},
					{"origin": [-13, 2, -1], "size": [3, 1, 1], "uv": [36, 11], "mirror": true},
					{"origin": [-19, 2, -5], "size": [1, 1, 7], "uv": [38, 50], "mirror": true}
				]
			},
			{
				"name": "tail",
				"parent": "leg2",
				"pivot": [0, 0, 12],
				"cubes": [
					{"origin": [-2, -1, 11], "size": [3.5, 3.5, 6], "uv": [36, 49]},
					{"origin": [-1.3, -1, 30], "size": [2, 2, 7], "uv": [35, 51]},
					{"origin": [-1.5, -1, 23], "size": [2.5, 2.5, 7], "uv": [33, 50]},
					{"origin": [-1.7, -1, 17], "size": [3, 3, 6], "uv": [36, 49]}
				]
			},
			{
				"name": "leg1",
				"pivot": [3.5, 2, 11],
				"cubes": [
					{"origin": [2.5, 1, 11], "size": [4, 1, 10], "uv": [0, 23], "mirror": true},
					{"origin": [6.5, 1, 8], "size": [1, 1, 10], "uv": [0, 23], "mirror": true}
				]
			}
		]
	}
}