{
	"format_version": "1.12.0",
	"minecraft:geometry": [
		{
			"description": {
				"identifier": "geometry.wspirit",
				"texture_width": 64,
				"texture_height": 64,
				"visible_bounds_width": 2,
				"visible_bounds_height": 1,
				"visible_bounds_offset": [0, 0.5, 0]
			},
			"bones": [
				{
					"name": "waterspirit",
					"pivot": [0, 8, 0],
					"cubes": [
						{"origin": [3, 1, -3], "size": [1, 4, 1], "uv": [21, 30]},
						{"origin": [-4, 1, -3], "size": [1, 4, 1], "uv": [17, 30]},
						{"origin": [-2, 6, 2], "size": [4, 1, 1], "uv": [0, 27]},
						{"origin": [-3, 9, 1], "size": [2, 1, 2], "uv": [18, 27]},
						{"origin": [3, 0, -2], "size": [1, 6, 4], "uv": [10, 18]},
						{"origin": [-4, 8, 3], "size": [1, 1, 1], "uv": [0, 12]},
						{"origin": [-3, 7, 4], "size": [1, 1, 1], "uv": [0, 12]},
						{"origin": [-3, 6, 4], "size": [1, 1, 1], "uv": [0, 12]},
						{"origin": [-5, 7, 3], "size": [1, 1, 1], "uv": [0, 12]},
						{"origin": [-3, 8, -1], "size": [1, 1, 3], "uv": [6, 17]},
						{"origin": [-2, 8, 2], "size": [3, 1, 1], "uv": [16, 18]},
						{"origin": [-2, 8, -1], "size": [3, 1, 3], "uv": [21, 9]},
						{"origin": [-2, 7, -2], "size": [4, 1, 4], "uv": [12, 13]},
						{"origin": [-2, 6, -3], "size": [4, 1, 1], "uv": [24, 7]},
						{"origin": [2, 6, -2], "size": [1, 1, 4], "uv": [26, 26]},
						{"origin": [-3, 6, -2], "size": [1, 1, 4], "uv": [24, 14]},
						{"origin": [-2, 6, -2], "size": [4, 1, 4], "uv": [0, 12]},
						{"origin": [2, 1, 3], "size": [1, 4, 1], "uv": [4, 29]},
						{"origin": [-3, 1, 3], "size": [1, 4, 1], "uv": [0, 29]},
						{"origin": [-3, 0, -3], "size": [6, 6, 6], "uv": [0, 0]},
						{"origin": [-4, 0, -2], "size": [1, 6, 4], "uv": [0, 17]},
						{"origin": [-2, 0, 3], "size": [4, 6, 1], "uv": [24, 0]},
						{"origin": [-2, 0, -4], "size": [4, 6, 1], "uv": [20, 20]},
						{"origin": [2, 1, -4], "size": [1, 4, 1], "uv": [13, 28]},
						{"origin": [3, 1, 2], "size": [1, 4, 1], "uv": [9, 28]},
						{"origin": [-4, 1, 2], "size": [1, 4, 1], "uv": [18, 0]},
						{"origin": [-3, 1, -4], "size": [1, 4, 1], "uv": [0, 0]}
					]
				}
			]
		}
	]
}