{
	"format_version": "1.8.0",
	"geometry.werewolf": {
		"texturewidth": 64,
		"textureheight": 64,
		"visible_bounds_width": 3,
		"visible_bounds_height": 2,
		"visible_bounds_offset": [0, 1, 0],
		"bones": [
			{
				"name": "head",
				"pivot": [-1, 28.5, 0],
				"rotation": [10, 0, 0],
				"cubes": [
					{"origin": [-4, 28, -4], "size": [6, 6, 5], "uv": [30, 20]},
					{"origin": [-4, 34, -2], "size": [2, 2, 1], "uv": [0, 19]},
					{"origin": [0, 34, -2], "size": [2, 2, 1], "uv": [0, 16]},
					{"origin": [-2.5, 28, -7], "size": [3, 3, 4], "uv": [24, 0]}
				],
				"locators": {
					"lead": [-1, 28, -2]
				}
			},
			{
				"name": "blink",
				"parent": "head",
				"pivot": [0, 30, 0],
				"cubes": [
					{"origin": [-4, 28, -4.009], "size": [6, 6, 0], "uv": [9, 58]}
				]
			},
			{
				"name": "bone",
				"parent": "head",
				"pivot": [0, 0, 0]
			},
			{
				"name": "body",
				"pivot": [0, 19, 1],
				"cubes": [
					{"origin": [-4, 11, -2], "size": [6, 11, 6], "uv": [0, 16]}
				]
			},
			{
				"name": "upperBody",
				"parent": "body",
				"pivot": [-1, 19, 1],
				"rotation": [-80, 0, 0],
				"cubes": [
					{"origin": [-5, 15, -8], "size": [8, 8, 8], "uv": [0, 0]}
				]
			},
			{
				"name": "leftArm",
				"parent": "upperBody",
				"pivot": [4, 19, -4],
				"cubes": [
					{"origin": [3, 17, -7], "size": [3, 4, 7], "uv": [32, 32]}
				]
			},
			{
				"name": "leftarm2",
				"parent": "leftArm",
				"pivot": [0, 9, 0],
				"rotation": [-10, 0, 0],
				"cubes": [
					{"origin": [3, 17, -4], "size": [3, 4, 9], "uv": [23, 7], "inflate": -0.5}
				]
			},
			{
				"name": "leftarm3",
				"parent": "leftArm",
				"pivot": [0, 9, 0],
				"rotation": [-10, 0, 0],
				"cubes": [
					{"origin": [3, 17, 3], "size": [3, 4, 4], "uv": [45, 31]}
				]
			},
			{
				"name": "rightArm",
				"parent": "upperBody",
				"pivot": [-6, 19, -4],
				"cubes": [
					{"origin": [-8, 17, -7], "size": [3, 4, 7], "uv": [32, 32]}
				]
			},
			{
				"name": "leftarm5",
				"parent": "rightArm",
				"pivot": [-11, 9, 0],
				"rotation": [-10, 0, 0],
				"cubes": [
					{"origin": [-8, 17, -4], "size": [3, 4, 9], "uv": [23, 7], "inflate": -0.5}
				]
			},
			{
				"name": "leftarm6",
				"parent": "rightArm",
				"pivot": [-11, 9, 0],
				"rotation": [-10, 0, 0],
				"cubes": [
					{"origin": [-8, 17, 3], "size": [3, 4, 4], "uv": [45, 31]}
				]
			},
			{
				"name": "rightLeg",
				"pivot": [-5.5, 13, 1],
				"rotation": [25, 0, 0],
				"cubes": [
					{"origin": [-6.5, 10, -2], "size": [3, 6, 5], "uv": [20, 38]},
					{"origin": [-6.5, 4, -1], "size": [3, 6, 3], "uv": [47, 11]},
					{"origin": [-6.5, 2, -5], "size": [3, 2, 6], "uv": [30, 43]},
					{"origin": [-6.5, 3, 1], "size": [3, 1, 1], "uv": [49, 16]}
				]
			},
			{
				"name": "bone2",
				"parent": "rightLeg",
				"pivot": [6, 1, 1],
				"rotation": [65, 0, 0],
				"cubes": [
					{"origin": [-6.5, 6.7, -0.8], "size": [3, 4, 2], "uv": [50, 41]}
				]
			},
			{
				"name": "tail",
				"pivot": [-1, 12, 8],
				"rotation": [70, 0, 0],
				"cubes": [
					{"origin": [-2, 12, 7], "size": [2, 5, 2], "uv": [49, 13], "inflate": 0.6}
				]
			},
			{
				"name": "bone4",
				"parent": "tail",
				"pivot": [0, 0, 0],
				"rotation": [-10, 0, 0],
				"cubes": [
					{"origin": [-2, 7, 5], "size": [2, 6, 2], "uv": [49, 12]}
				]
			},
			{
				"name": "leftLeg",
				"pivot": [1, 13, -1],
				"rotation": [25, 0, 0],
				"cubes": [
					{"origin": [1.5, 9, -2], "size": [3, 6, 5], "uv": [20, 38]},
					{"origin": [1.5, 3, -1], "size": [3, 6, 3], "uv": [47, 11]},
					{"origin": [1.5, 1, -5], "size": [3, 2, 6], "uv": [30, 43]},
					{"origin": [1.5, 2, 1], "size": [3, 1, 1], "uv": [49, 16]}
				]
			},
			{
				"name": "bone3",
				"parent": "leftLeg",
				"pivot": [14, 0, 1],
				"rotation": [65, 0, 0],
				"cubes": [
					{"origin": [1.5, 5.7, -0.8], "size": [3, 4, 2], "uv": [50, 41]}
				]
			}
		]
	}
}