{
	"format_version": "1.8.0",
	"geometry.witch": {
		"texturewidth": 64,
		"textureheight": 128,
		"visible_bounds_width": 2,
		"visible_bounds_height": 3,
		"visible_bounds_offset": [0, 1.5, 0],
		"bones": [
			{
				"name": "body",
				"pivot": [0, 0, 0],
				"cubes": [
					{"origin": [-4, 12, -2], "size": [8, 12, 4], "uv": [16, 16]},
					{"origin": [-4, 12, -2], "size": [8, 12, 4], "uv": [16, 32], "inflate": 0.1}
				],
				"locators": {
					"lead_hold": [0, 40, 0]
				}
			},
			{
				"name": "rightarm",
				"parent": "body",
				"pivot": [-5, 22, 0],
				"cubes": [
					{"origin": [-8, 12, -2], "size": [4, 12, 4], "uv": [40, 16]}
				]
			},
			{
				"name": "leftarm",
				"parent": "body",
				"pivot": [5, 22, 0],
				"mirror": true,
				"cubes": [
					{"origin": [4, 12, -2], "size": [4, 12, 4], "uv": [44, 22]}
				]
			},
			{
				"name": "leg1",
				"parent": "body",
				"pivot": [2, 12, 0],
				"cubes": [
					{"origin": [0, 0, -2], "size": [4, 12, 4], "uv": [0, 16], "mirror": true},
					{"origin": [0, 0, -2], "size": [4, 12, 4], "uv": [0, 48], "inflate": 0.1, "mirror": true}
				]
			},
			{
				"name": "leg0",
				"parent": "body",
				"pivot": [-2, 12, 0],
				"cubes": [
					{"origin": [-4, 0, -2], "size": [4, 12, 4], "uv": [0, 16]},
					{"origin": [-4, 0, -2], "size": [4, 12, 4], "uv": [0, 48], "inflate": 0.1}
				]
			},
			{
				"name": "head",
				"parent": "body",
				"pivot": [0, 24, 0],
				"cubes": [
					{"origin": [-4, 24, -4], "size": [8, 8, 8], "uv": [0, 2]}
				]
			},
			{
				"name": "helmet",
				"parent": "head",
				"pivot": [0, 24, 0],
				"cubes": [
					{"origin": [-4, 24, -4], "size": [8, 8, 8], "uv": [32, 0], "inflate": 0.5}
				]
			},
			{
				"name": "brim",
				"parent": "head",
				"pivot": [0, 24, 0]
			},
			{
				"name": "hat",
				"parent": "body",
				"pivot": [-5, 31.03125, -5],
				"cubes": [
					{"origin": [-5, 31.05, -5], "size": [10, 2, 10], "uv": [0, 64]}
				]
			},
			{
				"name": "hat2",
				"parent": "hat",
				"pivot": [1.75, 31, 2],
				"rotation": [-3, 0, 1.5],
				"cubes": [
					{"origin": [-3.25, 32.5, -3], "size": [7, 4, 7], "uv": [0, 76]}
				]
			},
			{
				"name": "hat3",
				"parent": "hat2",
				"pivot": [1.75, 34, 2],
				"rotation": [-6, 0, 3],
				"cubes": [
					{"origin": [-1.5, 35.5, -1], "size": [4, 4, 4], "uv": [0, 87]}
				]
			},
			{
				"name": "hat4",
				"parent": "hat3",
				"pivot": [1.75, 37, 2],
				"rotation": [-12, 0, 6],
				"cubes": [
					{"origin": [0.25, 39, 1], "size": [1, 2, 1], "uv": [0, 95], "inflate": 0.25}
				]
			}
		]
	}
}