{
    "omega.music.dragon": {
        "sounds": [
            "omega/music/dragon1",
            "omega/music/dragon2"
        ]
    },
    "omega.music.night": {
        "sounds": [
            "omega/music/night/night1",
            "omega/music/night/night2"
        ]
    },
    "omega.music.day": {
        "sounds": [
            "omega/music/day/calm1",
            "omega/music/day/calm2"
        ]
    },
    "omega.music.spawn": {
        "sounds": [
            "omega/music/spawn"
        ]
    },
    "omega.music.tab": {
        "sounds": [
            "omega/music/tab"
        ]
    },
    "minecraft.music.game": {
        "sounds": [
            "music/game/calm1",
            "music/game/calm2"
        ]
    }
}