{
	"format_version": "1.8.0",
	"animations": {
		"animation.Goliath.walk": {
			"loop": true,
			"animation_length": 1.08,
			"bones": {
				"right_leg": {
					"rotation": {
						"0.0333": [0, 0, 0],
						"0.2833": [-20, 0, 0],
						"0.5167": [5, 0, 0],
						"0.7667": [60, 0, 0],
						"1.0": [0, 0, 0]
					},
					"position": [0, 0, 0]
				},
				"right_leg_bottom": {
					"rotation": {
						"0.0": [0, 0, 0],
						"0.2833": [-30, 0, 0],
						"0.5167": [15, 0, 0],
						"0.7667": [5, 0, 0],
						"1.0": [0, 0, 0]
					},
					"position": [0, 0, 0]
				},
				"left_leg": {
					"rotation": {
						"0.0": [0, 0, 0],
						"0.2": [75, 0, 0],
						"0.6333": [-25, 0, 0],
						"1.0": [0, 0, 0]
					}
				},
				"left_leg_bottom": {
					"rotation": {
						"0.0": [0, 0, 0],
						"0.2": [10, 0, 0],
						"0.6333": [-25, 0, -10],
						"1.0": [0, 0, 0]
					}
				}
			}
		},
		"animation.goliath.bob": {
			"loop": true,
			"bones": {
				"left_arm": {
					"rotation": [0, 0, "((math.cos(query.life_time * 103.2) * 2.865) + 2.865) *-1.0"]
				},
				"right_arm": {
					"rotation": [0, 0, "(math.cos(query.life_time * 103.2) * 2.865) + 2.865"]
				}
			}
		},
		"animation.goliath.attack": {
			"animation_length": 11.48,
			"bones": {
				"chest": {
					"rotation": {
						"0.0": [0, 0, 0],
						"0.2833": [-25, 0, 0],
						"0.3167": [-28.33, 0, 0],
						"0.4": [-30, 0, 0],
						"0.4833": [-30, 0, 0],
						"0.5167": [-28.33, 0, 0],
						"0.6": [-3.33, 0, 0],
						"0.6833": [21.67, 0, 0],
						"1.1167": [0, 0, 0]
					},
					"position": {
						"0.0": [0, 0, 0],
						"0.2833": [0, 1, 2],
						"0.3167": [0, 1, 2],
						"0.4833": [0, 1, 2],
						"0.5167": [0, 1, 2],
						"0.6": [0, 0, -3],
						"0.6833": [0, -3, -7],
						"0.7667": [0, -3, -7],
						"1.1167": [0, 0, 0]
					}
				},
				"waist": {
					"rotation": [0, 0, 0],
					"position": [0, 0, 0]
				},
				"head": {
					"rotation": {
						"0.0": [0, 0, 0],
						"0.2833": [-10, 0, 0],
						"0.5167": [-10, 0, 0],
						"0.6": [20, 0, 0],
						"0.6833": [30, 0, 0],
						"1.1167": [0, 0, 0]
					},
					"position": {
						"0.0": [0, 0, 0],
						"0.2833": [0, 4, 1],
						"0.4": [0, 5, 1],
						"0.5167": [0, 3, 0],
						"0.6": [0, 5, 0],
						"0.6833": [0, 2, 0],
						"0.7667": [0, 1, -1],
						"1.1167": [0, 0, 0]
					}
				},
				"right_arm": {
					"rotation": {
						"0.0": [0, 0, 0],
						"0.2833": [-170, 0, 15],
						"0.3167": [-186.67, 0, 25],
						"0.4": [-195, 0, 30],
						"0.4333": [-195, 0, 30],
						"0.6833": [-55, -40, 5],
						"1.1167": [0, 0, 0]
					},
					"position": {
						"0.0": [0, 0, 0],
						"0.1667": [-0.57, -6.29, -1.43],
						"0.2833": [-1, -4, -6],
						"0.3167": [-1, -4, -6],
						"0.4": [-1, -4, -6],
						"0.4333": [-1, -4, -6],
						"0.6833": [-1, -13, -10],
						"1.1167": [0, 0, 0]
					}
				},
				"left_arm": {
					"rotation": {
						"0.0": [0, 0, 0],
						"0.2833": [-165, 0, -35],
						"0.3167": [-178.33, 0, -38.33],
						"0.4": [-185, 0, -40],
						"0.4333": [-185, 0, -40],
						"0.5167": [-135, 13.33, -28.33],
						"0.6833": [-45, 40, -5],
						"1.1167": [0, 0, 0]
					},
					"position": {
						"0.0": [0, 0, 0],
						"0.2833": [0, 0, 0],
						"0.3167": [0, 0, 0],
						"0.4333": [0, 0, 0],
						"0.5167": [-0.67, 2, 0],
						"0.6833": [-2, -8, -10],
						"1.1167": [0, 0, 0]
					}
				},
				"waist2": {
					"rotation": {
						"0.0": [0, 0, 0],
						"0.2833": [-10, 0, 0],
						"0.3167": [-13.33, 0, 0],
						"0.4": [-15, 0, 0],
						"0.5167": [-10, 0, 0],
						"0.6833": [30, 0, 0],
						"1.1167": [0, 0, 0],
						"11.4833": [0, 0, 0]
					},
					"position": {
						"0.0": [0, 0, 0],
						"0.2833": [0, 0, 1],
						"0.5167": [0, 0, 1],
						"0.6833": [0, -1, -3],
						"0.7667": [0, -1, -3],
						"1.1167": [0, 0, 0]
					}
				}
			}
		},
		"animation.goliath.body_bob": {
			"loop": true,
			"animation_length": 12.12,
			"bones": {
				"chest": {
					"rotation": {
						"0.0": [0, 0, 0],
						"1.8": [5, 0, 0],
						"11.4833": [0, 0, 0],
						"3.5167": [0, 0, 0],
						"5.5167": [5, 0, 0],
						"7.5167": [0, 0, 0],
						"9.5167": [5, 0, 0]
					},
					"position": {
						"0.0": [0, 0, 0],
						"1.8": [0, 0, -1],
						"11.4833": [0, 0, 0],
						"3.5167": [0, 0, 0],
						"5.5167": [0, 0, -1],
						"7.5167": [0, 0, 0],
						"9.5167": [0, 0, -1]
					}
				},
				"waist2": {
					"rotation": {
						"0.0": [0, 0, 0],
						"1.8": [15, 0, 0],
						"11.4833": [0, 0, 0],
						"3.5167": [0, 0, 0],
						"5.5167": [15, 0, 0],
						"7.4833": [0, 0, 0],
						"9.5167": [15, 0, 0]
					},
					"position": [0, 0, 0]
				},
				"head": {
					"rotation": {
						"0.0": [5, 5, -10],
						"12.1167": [5, 5, -10],
						"4.5667": [-9.64, 0.12, 9.52],
						"4.9667": [-10, 0, 10],
						"7.4333": [-2.12, 2.63, 10],
						"9.6833": [5, 5, 0]
					}
				},
				"arms": {
					"rotation": {
						"0.0": [0, 0, 0],
						"1.8": [0, 0, 0],
						"11.4833": [0, 0, 0],
						"3.5167": [0, 0, 0],
						"5.5167": [0, 0, 0],
						"7.5167": [0, 0, 0],
						"9.5167": [0, 0, 0]
					},
					"position": {
						"0.0": [0, 0, 0],
						"1.8": [0, 0, -1],
						"11.4833": [0, 0, 0],
						"3.5167": [0, 0, 0],
						"5.5167": [0, 0, -1],
						"7.5167": [0, 0, 0],
						"9.5167": [0, 0, -1]
					}
				}
			}
		}
	}
}