{
	"format_version": "1.8.0",
	"animations": {
		"animation.polarbear.baby_transform": {
			"loop": true,
			"animation_length": 1.7167,
			"bones": {
				"head": {
					"position": [0, -1, 3],
					"scale": [1.25, 1.25, 1.25]
				},
				"blink": {
					"scale": {
						"0.0": [0, 0, 0],
						"0.7167": [0, 0, 0],
						"0.7667": [1, 1, 1],
						"1.1167": [1, 1, 1],
						"1.1667": [0, 0, 0],
						"1.7167": [0, 0, 0]
					}
				}
			}
		},
		"animation.polarbear.move": {
			"loop": true,
			"animation_length": 1.7167,
			"bones": {
				"body": {
					"rotation": ["(-(query.standing_scale) * 63) - this", 0, 0],
					"position": [0, "-9 - 2 * query.standing_scale - this", 0]
				},
				"blink": {
					"scale": {
						"0.0": [0, 0, 0],
						"0.7167": [0, 0, 0],
						"0.7667": [1, 1, 1],
						"1.1167": [1, 1, 1],
						"1.1667": [0, 0, 0],
						"1.7167": [0, 0, 0]
					}
				},
				"leg0": {
					"rotation": ["query.standing_scale * 63", 0, 0],
					"position": [0, "-1 * query.standing_scale", "6 * query.standing_scale"]
				},
				"leg1": {
					"rotation": ["query.standing_scale * 63", 0, 0],
					"position": [0, "-1 * query.standing_scale", "6 * query.standing_scale"]
				},
				"leg2": {
					"rotation": ["(query.standing_scale > 1) ? (query.standing_scale * 81) - this : 0", 0, 0]
				},
				"leg3": {
					"rotation": ["(query.standing_scale > 1) ? (query.standing_scale * 81) - this : 0", 0, 0]
				}
			}
		}
	}
}