{
	"format_version" : "1.8.0",
	"animations" : {
    "animation.witch.general": {
      "bones": {
        "nose": {
          "rotation": [ "(variable.isholdingitem ? -25.7831 : (math.sin(query.life_time * 57.296) * 4.5)) - this", 0.0, "(math.cos(query.life_time * 57.296) * 2.5) - this" ]
        }
      }
    },
		"animation.witch.holding" : {
			"bones" : {
				"leftarm" : {
					"rotation" : [ "variable.is_holding_left ? (-this * 0.5 - 35.0) : 0.0", 0.0, 0.0 ]
				},
				"rightarm" : {
					"rotation" : [ "variable.is_holding_right ? (-this * 0.5 - 35.0) : 0.0", 0.0, 0.0 ]
				}
			},
			"loop" : true
		}
	}
}
