{
	"credit": "Made with Blockbench",
	"textures": {
		"0": "custom/decor/blocks/anvil",
		"1": "custom/decor/blocks/anvil_top",
		"particle": "custom/decor/blocks/anvil"
	},
	"elements": [
		{
			"name": "Anvil base",
			"from": [1.991, -0.009, 1.991],
			"to": [14.009, 4.009, 14.009],
			"faces": {
				"north": {"uv": [0, 2, 4, 14], "rotation": 90, "texture": "#0"},
				"east": {"uv": [2, 12, 14, 16], "texture": "#0"},
				"south": {"uv": [4, 2, 0, 14], "rotation": 270, "texture": "#0"},
				"west": {"uv": [2, 12, 14, 16], "texture": "#0"},
				"up": {"uv": [2, 2, 14, 14], "rotation": 270, "texture": "#0"},
				"down": {"uv": [2, 2, 14, 14], "rotation": 90, "texture": "#0", "cullface": "down"}
			}
		},
		{
			"name": "Lower narrow portion",
			"from": [2.991, 3.991, 3.991],
			"to": [13.009, 5.009, 12.009],
			"faces": {
				"north": {"uv": [4, 3, 5, 13], "rotation": 90, "texture": "#0"},
				"east": {"uv": [4, 11, 12, 12], "texture": "#0"},
				"south": {"uv": [5, 3, 4, 13], "rotation": 270, "texture": "#0"},
				"west": {"uv": [4, 11, 12, 12], "texture": "#0"},
				"up": {"uv": [4, 3, 12, 13], "rotation": 270, "texture": "#0"},
				"down": {"uv": [0, 0, 0, 0], "rotation": 270, "texture": "#0"}
			}
		},
		{
			"name": "Wider section beneath top portion",
			"from": [3.991, 4.991, 5.991],
			"to": [12.009, 10.009, 10.009],
			"faces": {
				"north": {"uv": [5, 4, 10, 12], "rotation": 90, "texture": "#0"},
				"east": {"uv": [6, 6, 10, 11], "texture": "#0"},
				"south": {"uv": [10, 4, 5, 12], "rotation": 270, "texture": "#0"},
				"west": {"uv": [6, 6, 10, 11], "texture": "#0"},
				"up": {"uv": [0, 0, 0, 0], "rotation": 90, "texture": "#0"},
				"down": {"uv": [0, 0, 0, 0], "rotation": 270, "texture": "#0"}
			}
		},
		{
			"name": "Anvil top",
			"from": [-0.009, 9.991, 2.991],
			"to": [16.009, 16.009, 13.009],
			"faces": {
				"north": {"uv": [10, 0, 16, 16], "rotation": 90, "texture": "#0"},
				"east": {"uv": [3, 0, 13, 6], "texture": "#0"},
				"south": {"uv": [16, 0, 10, 16], "rotation": 270, "texture": "#0"},
				"west": {"uv": [3, 0, 13, 6], "texture": "#0"},
				"up": {"uv": [3, 0, 13, 16], "rotation": 270, "texture": "#1"},
				"down": {"uv": [3, 0, 13, 16], "rotation": 90, "texture": "#0"}
			}
		}
	],
	"display": {
		"thirdperson_righthand": {
			"rotation": [75, 45, 0],
			"translation": [0, 2.5, 0],
			"scale": [0.375, 0.375, 0.375]
		},
		"thirdperson_lefthand": {
			"rotation": [75, 45, 0],
			"translation": [0, 2.5, 0],
			"scale": [0.375, 0.375, 0.375]
		},
		"firstperson_righthand": {
			"rotation": [0, 45, 0],
			"scale": [0.4, 0.4, 0.4]
		},
		"firstperson_lefthand": {
			"rotation": [0, 225, 0],
			"scale": [0.4, 0.4, 0.4]
		},
		"ground": {
			"translation": [0, 3, 0],
			"scale": [0.25, 0.25, 0.25]
		},
		"gui": {
			"rotation": [30, 225, 0],
			"scale": [0.625, 0.625, 0.625]
		},
		"fixed": {
			"rotation": [-90, 0, 0],
			"translation": [0, 0, -16],
			"scale": [2, 2, 2]
		}
	}
}