{
	"credit": "Made with Blockbench",
	"textures": {
		"0": "custom/decor/signs/tabs/spruce",
		"1": "custom/decor/signs/tabs/text_hollow",
		"2": "custom/decor/signs/tabs/chain",
		"3": "custom/decor/signs/tabs/lamppost",
		"particle": "custom/decor/signs/tabs/spruce"
	},
	"elements": [
		{
			"name": "board",
			"from": [-10, 0, 8],
			"to": [14, 12, 10],
			"rotation": {"angle": 0, "axis": "y", "origin": [2, -14, 9]},
			"faces": {
				"north": {"uv": [0.5, 1, 6.5, 7], "texture": "#0"},
				"east": {"uv": [1, 1, 1.5, 7], "texture": "#0"},
				"south": {"uv": [7, 1, 13, 7], "texture": "#0"},
				"west": {"uv": [1, 1, 1.5, 7], "texture": "#0"},
				"up": {"uv": [7, 0, 1, 1], "texture": "#0"},
				"down": {"uv": [1, 1, 7, 0], "texture": "#0"}
			}
		},
		{
			"from": [-10, 0, 7.98],
			"to": [14, 12, 7.98],
			"rotation": {"angle": 0, "axis": "y", "origin": [2, 8, 15]},
			"faces": {
				"north": {"uv": [0, 0, 16, 16], "texture": "#1"},
				"east": {"uv": [0, 0, 0, 12], "texture": "#missing"},
				"south": {"uv": [16, 0, 35, 13], "texture": "#2"},
				"west": {"uv": [0, 0, 0, 12], "texture": "#missing"},
				"up": {"uv": [0, 0, 16, 0], "texture": "#missing"},
				"down": {"uv": [0, 0, 16, 0], "texture": "#missing"}
			}
		},
		{
			"from": [-10, 0, 10],
			"to": [14, 12, 10],
			"rotation": {"angle": 0, "axis": "y", "origin": [2, 8, 19]},
			"faces": {
				"north": {"uv": [0, 0, 16, 16], "texture": "#1"},
				"east": {"uv": [0, 0, 0, 12], "texture": "#missing"},
				"south": {"uv": [0.04167, 0, 16, 16], "texture": "#1"},
				"west": {"uv": [0, 0, 0, 12], "texture": "#missing"},
				"up": {"uv": [0, 0, 16, 0], "texture": "#missing"},
				"down": {"uv": [0, 0, 16, 0], "texture": "#missing"}
			}
		},
		{
			"from": [2, 12, 11],
			"to": [5, 28, 11],
			"rotation": {"angle": -45, "axis": "y", "origin": [10, 20, 19]},
			"faces": {
				"north": {"uv": [0, 0, 3, 16], "texture": "#2"},
				"east": {"uv": [0, 0, 0, 4], "texture": "#missing"},
				"south": {"uv": [0, 0, 3, 16], "texture": "#2"},
				"west": {"uv": [0, 0, 0, 4], "texture": "#missing"},
				"up": {"uv": [0, 0, 3, 0], "texture": "#missing"},
				"down": {"uv": [0, 0, 3, 0], "texture": "#missing"}
			}
		},
		{
			"from": [-16, 12, 11],
			"to": [-13, 28, 11],
			"rotation": {"angle": -45, "axis": "y", "origin": [-8, 20, 19]},
			"faces": {
				"north": {"uv": [0, 0, 3, 16], "texture": "#2"},
				"east": {"uv": [0, 0, 0, 4], "texture": "#missing"},
				"south": {"uv": [0, 0, 3, 16], "texture": "#2"},
				"west": {"uv": [0, 0, 0, 4], "texture": "#missing"},
				"up": {"uv": [0, 0, 3, 0], "texture": "#missing"},
				"down": {"uv": [0, 0, 3, 0], "texture": "#missing"}
			}
		},
		{
			"from": [13.4, 12, 1.8],
			"to": [16.4, 28, 1.8],
			"rotation": {"angle": 45, "axis": "y", "origin": [21.4, 20, 9.8]},
			"faces": {
				"north": {"uv": [3, 0, 6, 16], "texture": "#2"},
				"east": {"uv": [0, 0, 0, 4], "texture": "#missing"},
				"south": {"uv": [3, 0, 6, 16], "texture": "#2"},
				"west": {"uv": [0, 0, 0, 4], "texture": "#missing"},
				"up": {"uv": [0, 0, 3, 0], "texture": "#missing"},
				"down": {"uv": [0, 0, 3, 0], "texture": "#missing"}
			}
		},
		{
			"from": [-4.6, 12, 1.8],
			"to": [-1.6, 28, 1.8],
			"rotation": {"angle": 45, "axis": "y", "origin": [3.4, 20, 9.8]},
			"faces": {
				"north": {"uv": [3, 0, 6, 16], "texture": "#2"},
				"east": {"uv": [0, 0, 0, 4], "texture": "#missing"},
				"south": {"uv": [3, 0, 6, 16], "texture": "#2"},
				"west": {"uv": [0, 0, 0, 4], "texture": "#missing"},
				"up": {"uv": [0, 0, 3, 0], "texture": "#missing"},
				"down": {"uv": [0, 0, 3, 0], "texture": "#missing"}
			}
		},
		{
			"from": [29, 22, 5.8],
			"to": [32, 31, 11.8],
			"rotation": {"angle": 0, "axis": "y", "origin": [39, 34, 14.8]},
			"faces": {
				"north": {"uv": [0, 8, 1.5, 12.5], "texture": "#3"},
				"east": {"uv": [0, 0, 8, 9], "texture": "#missing"},
				"south": {"uv": [0, 8, 1.5, 12.5], "texture": "#3"},
				"west": {"uv": [0.5, 8, 3.5, 12.5], "texture": "#3"},
				"up": {"uv": [0.5, 8, 2, 8.5], "texture": "#3"},
				"down": {"uv": [0, 12, 2, 12.5], "texture": "#3"}
			}
		},
		{
			"from": [21, 24, 6.3],
			"to": [31, 29, 11.3],
			"rotation": {"angle": 0, "axis": "y", "origin": [34, 34, 13.3]},
			"faces": {
				"north": {"uv": [11, 3, 16, 5.5], "texture": "#3"},
				"east": {"uv": [0, 0, 4, 4], "texture": "#missing"},
				"south": {"uv": [11, 5.5, 16, 8], "texture": "#3"},
				"west": {"uv": [11, 5.5, 12, 8], "texture": "#3"},
				"up": {"uv": [11.5, 3, 15.5, 3.5], "texture": "#3"},
				"down": {"uv": [11, 7.5, 16, 8], "texture": "#3"}
			}
		},
		{
			"from": [1, 24, 6.3],
			"to": [11, 29, 11.3],
			"rotation": {"angle": 0, "axis": "y", "origin": [14, 34, 13.3]},
			"faces": {
				"north": {"uv": [11, 3, 16, 5.5], "texture": "#3"},
				"east": {"uv": [0, 0, 4, 4], "texture": "#missing"},
				"south": {"uv": [11, 5.5, 16, 8], "texture": "#3"},
				"west": {"uv": [11, 5.5, 12, 8], "texture": "#3"},
				"up": {"uv": [11.5, 3, 15.5, 3.5], "texture": "#3"},
				"down": {"uv": [11, 7.5, 16, 8], "texture": "#3"}
			}
		},
		{
			"from": [-11, 24, 6.3],
			"to": [-9, 29, 11.3],
			"rotation": {"angle": 0, "axis": "y", "origin": [-3, 34, 13.3]},
			"faces": {
				"north": {"uv": [12.5, 3, 13.5, 5.5], "texture": "#3"},
				"east": {"uv": [0, 0, 4, 4], "texture": "#missing"},
				"south": {"uv": [12.5, 5.5, 13.5, 8], "texture": "#3"},
				"west": {"uv": [11, 5.5, 12, 8], "texture": "#3"},
				"up": {"uv": [11.5, 3, 15.5, 3.5], "texture": "#3"},
				"down": {"uv": [11, 7.5, 16, 8], "texture": "#3"}
			}
		},
		{
			"from": [11, 24, 6.3],
			"to": [21, 29, 11.3],
			"rotation": {"angle": 0, "axis": "y", "origin": [24, 34, 13.3]},
			"faces": {
				"north": {"uv": [11, 5.5, 16, 8], "texture": "#3"},
				"east": {"uv": [0, 0, 4, 4], "texture": "#missing"},
				"south": {"uv": [11, 3, 16, 5.5], "texture": "#3"},
				"west": {"uv": [11, 5.5, 12, 8], "texture": "#3"},
				"up": {"uv": [11.5, 3, 15.5, 3.5], "texture": "#3"},
				"down": {"uv": [11, 7.5, 16, 8], "texture": "#3"}
			}
		},
		{
			"from": [-9, 24, 6.3],
			"to": [1, 29, 11.3],
			"rotation": {"angle": 0, "axis": "y", "origin": [4, 34, 13.3]},
			"faces": {
				"north": {"uv": [11, 5.5, 16, 8], "texture": "#3"},
				"east": {"uv": [0, 0, 4, 4], "texture": "#missing"},
				"south": {"uv": [11, 3, 16, 5.5], "texture": "#3"},
				"west": {"uv": [11, 5.5, 12, 8], "texture": "#3"},
				"up": {"uv": [11.5, 3, 15.5, 3.5], "texture": "#3"},
				"down": {"uv": [11, 7.5, 16, 8], "texture": "#3"}
			}
		}
	],
	"display": {
		"thirdperson_righthand": {
			"translation": [0, 0, -0.25],
			"scale": [0.2, 0.2, 0.2]
		},
		"thirdperson_lefthand": {
			"translation": [0, 0, -0.25],
			"scale": [0.2, 0.2, 0.2]
		},
		"firstperson_righthand": {
			"translation": [2.25, -4.25, 1],
			"scale": [0.2, 0.2, 0.2]
		},
		"firstperson_lefthand": {
			"translation": [2.25, -6.5, 1],
			"scale": [0.2, 0.2, 0.2]
		},
		"gui": {
			"rotation": [-3.75, 138, 5],
			"translation": [0.25, -3.25, 0],
			"scale": [0.4, 0.4, 0.4]
		},
		"fixed": {
			"rotation": [90, -90, 90],
			"translation": [1.5, -36.5, -47.5],
			"scale": [2, 2, 2]
		}
	},
	"groups": [
		{
			"name": "board",
			"origin": [0, 12, 0],
			"color": 0,
			"children": [0, 1, 2]
		},
		3,
		4,
		5,
		6,
		7,
		8,
		9,
		10,
		11,
		12
	]
}