{
	"credit": "Made with Blockbench",
	"parent": "block/block",
	"ambientocclusion": false,
	"texture_size": [64, 64],
	"textures": {
		"0": "custom/block/dragon_egg",
		"particle": "custom/block/dragon_egg_particles"
	},
	"elements": [
		{
			"from": [0.9, 0, 0.9],
			"to": [15.1, 9.2, 15.1],
			"faces": {
				"north": {"uv": [0, 2.25, 3, 4], "texture": "#0"},
				"east": {"uv": [0, 2.25, 3, 4], "texture": "#0"},
				"south": {"uv": [0, 2.25, 3, 4], "texture": "#0"},
				"west": {"uv": [0, 2.25, 3, 4], "texture": "#0"},
				"up": {"uv": [15, 3, 12, 0], "texture": "#0"},
				"down": {"uv": [3, 8, 0, 11], "texture": "#0"}
			}
		},
		{
			"from": [1.25, 8.05, 1.25],
			"to": [14.75, 13.55, 14.75],
			"faces": {
				"north": {"uv": [0, 1, 3, 2.25], "texture": "#0"},
				"east": {"uv": [0, 1, 3, 2.25], "texture": "#0"},
				"south": {"uv": [0, 1, 3, 2.25], "texture": "#0"},
				"west": {"uv": [0, 1, 3, 2.25], "texture": "#0"},
				"up": {"uv": [15, 6, 12, 3], "texture": "#0"},
				"down": {"uv": [3, 8, 0, 11], "texture": "#0"}
			}
		},
		{
			"from": [2, 1.5, 2],
			"to": [14, 17.5, 14],
			"faces": {
				"north": {"uv": [0, 0, 3, 4], "texture": "#0"},
				"east": {"uv": [0, 0, 3, 4], "texture": "#0"},
				"south": {"uv": [0, 0, 3, 4], "texture": "#0"},
				"west": {"uv": [0, 0, 3, 4], "texture": "#0"},
				"up": {"uv": [9, 3, 6, 0], "texture": "#0"},
				"down": {"uv": [9, 3, 6, 6], "texture": "#0"}
			}
		}
	],
	"display": {
		"thirdperson_righthand": {
			"rotation": [75, 45, 0],
			"translation": [0, 2.5, 0],
			"scale": [0.375, 0.375, 0.375]
		},
		"thirdperson_lefthand": {
			"rotation": [75, 45, 0],
			"translation": [0, 2.5, 0],
			"scale": [0.375, 0.375, 0.375]
		},
		"firstperson_righthand": {
			"rotation": [0, 45, 0],
			"scale": [0.4, 0.4, 0.4]
		},
		"firstperson_lefthand": {
			"rotation": [0, 225, 0],
			"scale": [0.4, 0.4, 0.4]
		},
		"ground": {
			"translation": [0, 3, 0],
			"scale": [0.25, 0.25, 0.25]
		},
		"gui": {
			"rotation": [30, 225, 0],
			"scale": [0.625, 0.625, 0.625]
		},
		"head": {
			"rotation": [0, 180, 0],
			"translation": [0, 13, 7]
		},
		"fixed": {
			"scale": [0.5, 0.5, 0.5]
		}
	}
}