{
	"credit": "Made with Blockbench",
	"textures": {
		"0": "custom/decor/book/book",
		"particle": "custom/decor/book/book"
	},
	"elements": [
		{
			"from": [11, 0.1, 3],
			"to": [11, 2.1, 13],
			"rotation": {"angle": 0, "axis": "y", "origin": [8, 1.1, 8]},
			"faces": {
				"north": {"uv": [0, 0, 0, 0], "texture": "#0"},
				"east": {"uv": [13, 0, 13.5, 2.5], "rotation": 90, "texture": "#0"},
				"south": {"uv": [0, 0, 0, 0.5], "texture": "#0"},
				"west": {"uv": [13, 0, 13.5, 2.5], "rotation": 90, "texture": "#0"},
				"up": {"uv": [0, 0, 0, 2.5], "texture": "#0"},
				"down": {"uv": [0, 0, 0, 2.5], "texture": "#0"}
			}
		},
		{
			"from": [5, 0.1, 3],
			"to": [11, 0.1, 13],
			"rotation": {"angle": 0, "axis": "y", "origin": [8, 1.1, 8]},
			"faces": {
				"north": {"uv": [0, 0, 0, 0], "texture": "#0"},
				"east": {"uv": [0, 0, 2.5, 0], "texture": "#0"},
				"south": {"uv": [0, 0, 1.5, 0], "texture": "#0"},
				"west": {"uv": [0, 0, 2.5, 0], "texture": "#0"},
				"up": {"uv": [11.5, 0, 13, 2.5], "texture": "#0"},
				"down": {"uv": [11.5, 0, 13, 2.5], "texture": "#0"}
			}
		},
		{
			"from": [5, 2.1, 3],
			"to": [11, 2.1, 13],
			"rotation": {"angle": 0, "axis": "y", "origin": [8, 1.1, 8]},
			"faces": {
				"north": {"uv": [0, 0, 0, 0], "texture": "#0"},
				"east": {"uv": [0, 0, 2.5, 0], "texture": "#0"},
				"south": {"uv": [0, 0, 1.5, 0], "texture": "#0"},
				"west": {"uv": [0, 0, 2.5, 0], "texture": "#0"},
				"up": {"uv": [11.5, 0, 13, 2.5], "texture": "#0"},
				"down": {"uv": [11.5, 0, 13, 2.5], "texture": "#0"}
			}
		},
		{
			"from": [5.999, 1.099, 4],
			"to": [10.999, 2.098, 12],
			"rotation": {"angle": 0, "axis": "y", "origin": [8, 1.1, 8]},
			"faces": {
				"north": {"uv": [1, 5.5, 2.25, 5.75], "texture": "#0"},
				"east": {"uv": [1.5, 0.25, 1.75, 2.25], "rotation": 90, "texture": "#0"},
				"south": {"uv": [1, 5.5, 2.25, 5.75], "texture": "#0"},
				"west": {"uv": [1, 5.5, 2.25, 5.75], "texture": "#0"},
				"up": {"uv": [0.25, 0.25, 1.5, 2.25], "texture": "#0"},
				"down": {"uv": [0.25, 5.75, 1.5, 7.75], "texture": "#0"}
			}
		},
		{
			"from": [5.999, 0.101, 4],
			"to": [10.999, 1.1, 12],
			"rotation": {"angle": 0, "axis": "y", "origin": [8, 1.1, 8]},
			"faces": {
				"north": {"uv": [3.75, 5.5, 5, 5.75], "texture": "#0"},
				"east": {"uv": [1.75, 0.25, 2, 2.25], "rotation": 90, "texture": "#0"},
				"south": {"uv": [3.75, 5.5, 5, 5.75], "texture": "#0"},
				"west": {"uv": [3.75, 5.5, 5, 5.75], "texture": "#0"},
				"up": {"uv": [1.75, 5.75, 3, 7.75], "texture": "#0"},
				"down": {"uv": [12, 1, 13.25, 3], "texture": "#0"}
			}
		},
		{
			"from": [8, 0.4, 2.3],
			"to": [10, 0.4, 5.3],
			"rotation": {"angle": -45, "axis": "x", "origin": [9, 0.4, 3.3]},
			"faces": {
				"north": {"uv": [0, 0, 2, 0], "texture": "#missing"},
				"east": {"uv": [0, 0, 3, 0], "texture": "#missing"},
				"south": {"uv": [0, 0, 2, 0], "texture": "#missing"},
				"west": {"uv": [0, 0, 3, 0], "texture": "#missing"},
				"up": {"uv": [15.5, 0, 16, 1], "texture": "#0"},
				"down": {"uv": [15.5, 0, 16, 1], "texture": "#0"}
			}
		}
	],
	"display": {
		"thirdperson_righthand": {
			"rotation": [55, -14, 0],
			"translation": [1, 6.75, 5]
		},
		"thirdperson_lefthand": {
			"rotation": [55, -14, 0],
			"translation": [1, 6.75, 5]
		},
		"firstperson_righthand": {
			"rotation": [34, 10, 28],
			"translation": [-2, 5.75, 6.5]
		},
		"firstperson_lefthand": {
			"rotation": [34, 10, 28],
			"translation": [-2, 5.75, 6.5]
		},
		"ground": {
			"translation": [0, 3.5, 0],
			"scale": [0.6, 0.6, 0.6]
		},
		"gui": {
			"rotation": [122, 0, 42],
			"translation": [-5.25, -3, 0]
		},
		"head": {
			"translation": [0, 19.26, 0],
			"scale": [1.6, 1.6, 1.6]
		},
		"fixed": {
			"rotation": [-90, 0, 0],
			"translation": [0, 0, -16.26],
			"scale": [2, 2, 2]
		}
	},
	"groups": [
		{
			"name": "group",
			"origin": [8, 8, 8],
			"children": [0, 1, 2, 3, 4]
		}, 5]
}