{
	"format_version": "1.12.0",
	"minecraft:geometry": [
		{
			"description": {
				"identifier": "geometry.crimera",
				"texture_width": 128,
				"texture_height": 128,
				"visible_bounds_width": 4,
				"visible_bounds_height": 1,
				"visible_bounds_offset": [0, 0.5, 0]
			},
			"bones": [
				{
					"name": "body",
					"pivot": [0, 26, -7],
					"rotation": [-90, 0, 0],
					"cubes": [
						{"origin": [-5, 26, -12], "size": [11, 5, 10], "pivot": [0, 26, -7], "uv": [0, 0]},
						{"origin": [-6, 29, -9], "size": [1, 1, 4], "pivot": [0, 26, -7], "uv": [60, 43]},
						{"origin": [6, 29, -9], "size": [1, 1, 4], "pivot": [0, 26, -7], "uv": [60, 43]},
						{"origin": [5, 30, -10], "size": [3, 1, 6], "pivot": [0, 26, -7], "rotation": [0, 180, 0], "uv": [14, 46]},
						{"origin": [6, 30, -10], "size": [3, 1, 6], "pivot": [0, 26, -7], "uv": [14, 46]},
						{"origin": [4, 31, -11], "size": [5, 1, 8], "pivot": [0, 26, -7], "rotation": [0, 180, 0], "uv": [0, 27]},
						{"origin": [5, 31, -11], "size": [5, 1, 8], "pivot": [0, 26, -7], "uv": [0, 27]},
						{"origin": [-4, 24, -11], "size": [9, 2, 8], "pivot": [0, 26, -7], "uv": [26, 26]},
						{"origin": [-3, 23, -10], "size": [7, 1, 6], "pivot": [0, 26, -7], "uv": [0, 36]},
						{"origin": [-2, 21, -9], "size": [5, 2, 4], "pivot": [0, 26, -7], "uv": [46, 36]},
						{"origin": [-1, 20, -9], "size": [3, 1, 4], "pivot": [0, 26, -7], "uv": [50, 42]},
						{"origin": [-4, 31, -11], "size": [9, 4, 8], "pivot": [0, 26, -7], "uv": [0, 15]},
						{"origin": [-3, 35, -10], "size": [7, 2, 6], "pivot": [0, 26, -7], "uv": [26, 15]},
						{"origin": [-2, 37, -9], "size": [5, 5, 4], "pivot": [0, 26, -7], "uv": [0, 50]},
						{"origin": [-1, 42, -8], "size": [3, 5, 2], "pivot": [0, 26, -7], "uv": [58, 16]},
						{"origin": [0, 47, -8], "size": [1, 4, 2], "pivot": [0, 26, -7], "uv": [26, 15]},
						{"origin": [1, 48, -8], "size": [1, 4, 2], "pivot": [0, 26, -7], "uv": [0, 15]}
					]
				},
				{
					"name": "bone3",
					"parent": "body",
					"pivot": [0, 26, -7],
					"cubes": [
						{"origin": [4, 35, -10], "size": [4, 1, 6], "pivot": [0, 26, -7], "uv": [0, 43]},
						{"origin": [5, 34, -9], "size": [2, 1, 4], "pivot": [0, 26, -7], "uv": [56, 56]},
						{"origin": [5, 33, -9], "size": [1, 1, 4], "pivot": [0, 26, -7], "uv": [60, 38]}
					]
				},
				{
					"name": "bone4",
					"parent": "body",
					"pivot": [1, 26, -7],
					"cubes": [
						{"origin": [-7, 35, -10], "size": [4, 1, 6], "pivot": [1, 26, -7], "uv": [0, 43], "mirror": true},
						{"origin": [-6, 34, -9], "size": [2, 1, 4], "pivot": [1, 26, -7], "uv": [56, 56], "mirror": true},
						{"origin": [-5, 33, -9], "size": [1, 1, 4], "pivot": [1, 26, -7], "uv": [60, 38], "mirror": true}
					]
				},
				{
					"name": "bone5",
					"parent": "body",
					"pivot": [0, 26, -7],
					"cubes": [
						{"origin": [3, 38, -9], "size": [3, 1, 4], "pivot": [0, 26, -7], "uv": [50, 0]},
						{"origin": [5, 39, -8], "size": [1, 1, 2], "pivot": [0, 26, -7], "uv": [62, 45]},
						{"origin": [3, 37, -8], "size": [2, 1, 2], "pivot": [0, 26, -7], "uv": [0, 30]}
					]
				},
				{
					"name": "bone6",
					"parent": "body",
					"pivot": [1, 26, -7],
					"cubes": [
						{"origin": [-5, 38, -9], "size": [3, 1, 4], "pivot": [1, 26, -7], "uv": [50, 0], "mirror": true},
						{"origin": [-5, 39, -8], "size": [1, 1, 2], "pivot": [1, 26, -7], "uv": [62, 45], "mirror": true},
						{"origin": [-4, 37, -8], "size": [2, 1, 2], "pivot": [1, 26, -7], "uv": [0, 30], "mirror": true}
					]
				},
				{
					"name": "bone7",
					"parent": "body",
					"pivot": [2, 30, -7],
					"cubes": [
						{"origin": [-4, 42, -8], "size": [3, 1, 2], "pivot": [2, 30, -7], "uv": [52, 2], "mirror": true},
						{"origin": [-4, 43, -8], "size": [1, 1, 2], "pivot": [2, 30, -7], "uv": [62, 45], "mirror": true},
						{"origin": [-3, 41, -8], "size": [1, 1, 2], "pivot": [2, 30, -7], "uv": [0, 30], "mirror": true}
					]
				},
				{
					"name": "bone8",
					"parent": "body",
					"pivot": [-1, 30, -7],
					"cubes": [
						{"origin": [2, 42, -8], "size": [3, 1, 2], "pivot": [-1, 30, -7], "uv": [52, 2]},
						{"origin": [4, 43, -8], "size": [1, 1, 2], "pivot": [-1, 30, -7], "uv": [62, 45]},
						{"origin": [3, 41, -8], "size": [1, 1, 2], "pivot": [-1, 30, -7], "uv": [0, 30]}
					]
				},
				{
					"name": "bone9",
					"parent": "bone8",
					"pivot": [-1, 30, -7],
					"cubes": [
						{"origin": [3, 47, -8], "size": [1, 1, 2], "pivot": [-1, 30, -7], "uv": [62, 45]},
						{"origin": [2, 46, -8], "size": [2, 1, 2], "pivot": [-1, 30, -7], "uv": [52, 2]},
						{"origin": [2, 45, -8], "size": [1, 1, 2], "pivot": [-1, 30, -7], "uv": [0, 30]}
					]
				},
				{
					"name": "bone10",
					"parent": "bone8",
					"pivot": [2, 30, -7],
					"cubes": [
						{"origin": [-3, 47, -8], "size": [1, 1, 2], "pivot": [2, 30, -7], "uv": [62, 45], "mirror": true},
						{"origin": [-3, 46, -8], "size": [2, 1, 2], "pivot": [2, 30, -7], "uv": [52, 2], "mirror": true},
						{"origin": [-2, 45, -8], "size": [1, 1, 2], "pivot": [2, 30, -7], "uv": [0, 30], "mirror": true}
					]
				},
				{
					"name": "bone",
					"parent": "body",
					"pivot": [0, 26, -7],
					"cubes": [
						{"origin": [6, 26, -9], "size": [1, 1, 4], "pivot": [0, 26, -7], "uv": [60, 6]},
						{"origin": [7, 19, -9], "size": [1, 7, 4], "pivot": [0, 26, -7], "uv": [28, 52]},
						{"origin": [5, 15, -9], "size": [2, 11, 4], "pivot": [0, 26, -7], "uv": [38, 38]},
						{"origin": [4, 21, -9], "size": [1, 3, 4], "pivot": [0, 26, -7], "uv": [18, 53]},
						{"origin": [3, 22, -9], "size": [1, 1, 4], "pivot": [0, 26, -7], "uv": [0, 59]},
						{"origin": [4, 16, -9], "size": [1, 3, 4], "pivot": [0, 26, -7], "uv": [52, 47]},
						{"origin": [7, 14, -9], "size": [1, 2, 4], "pivot": [0, 26, -7], "uv": [58, 27]},
						{"origin": [6, 14, -9], "size": [1, 1, 4], "pivot": [0, 26, -7], "uv": [60, 1]}
					]
				},
				{
					"name": "bone2",
					"parent": "body",
					"pivot": [1, 26, -7],
					"cubes": [
						{"origin": [-6, 26, -9], "size": [1, 1, 4], "pivot": [1, 26, -7], "uv": [60, 6], "mirror": true},
						{"origin": [-7, 19, -9], "size": [1, 7, 4], "pivot": [1, 26, -7], "uv": [28, 52], "mirror": true},
						{"origin": [-6, 15, -9], "size": [2, 11, 4], "pivot": [1, 26, -7], "uv": [38, 38], "mirror": true},
						{"origin": [-4, 21, -9], "size": [1, 3, 4], "pivot": [1, 26, -7], "uv": [18, 53], "mirror": true},
						{"origin": [-3, 22, -9], "size": [1, 1, 4], "pivot": [1, 26, -7], "uv": [0, 59], "mirror": true},
						{"origin": [-4, 16, -9], "size": [1, 3, 4], "pivot": [1, 26, -7], "uv": [52, 47], "mirror": true},
						{"origin": [-7, 14, -9], "size": [1, 2, 4], "pivot": [1, 26, -7], "uv": [58, 27], "mirror": true},
						{"origin": [-6, 14, -9], "size": [1, 1, 4], "pivot": [1, 26, -7], "uv": [60, 1], "mirror": true}
					]
				},
				{
					"name": "bone11",
					"parent": "body",
					"pivot": [0, 26, -7]
				}
			]
		}
	]
}