{
	"format_version": "1.12.0",
	"minecraft:geometry": [
		{
			"description": {
				"identifier": "geometry.fspirit",
				"texture_width": 64,
				"texture_height": 64,
				"visible_bounds_width": 2,
				"visible_bounds_height": 1,
				"visible_bounds_offset": [0, 0.5, 0]
			},
			"bones": [
				{
					"name": "Firespirit",
					"pivot": [0, 8, 1],
					"cubes": [
						{"origin": [3, 1, -2], "size": [1, 4, 1], "uv": [16, 39]},
						{"origin": [-4, 1, -2], "size": [1, 4, 1], "uv": [20, 39]},
						{"origin": [-2, 6, 3], "size": [4, 1, 1], "uv": [0, 34]},
						{"origin": [-3, 9, 2], "size": [2, 1, 2], "uv": [0, 36]},
						{"origin": [3, 0, -1], "size": [1, 6, 4], "uv": [26, 12]},
						{"origin": [-4, 8, 4], "size": [1, 1, 1], "uv": [0, 44]},
						{"origin": [-3, 8, 0], "size": [1, 1, 3], "uv": [30, 29]},
						{"origin": [-2, 8, 3], "size": [3, 1, 1], "uv": [10, 34]},
						{"origin": [-2, 8, 0], "size": [3, 1, 3], "uv": [20, 22]},
						{"origin": [-2, 7, -1], "size": [4, 1, 4], "uv": [0, 12]},
						{"origin": [-2, 6, -2], "size": [4, 1, 1], "uv": [20, 29]},
						{"origin": [2, 6, -1], "size": [1, 1, 4], "uv": [10, 29]},
						{"origin": [-3, 6, -1], "size": [1, 1, 4], "uv": [0, 29]},
						{"origin": [-2, 6, -1], "size": [4, 1, 4], "uv": [24, 0]},
						{"origin": [2, 1, 4], "size": [1, 4, 1], "uv": [12, 39]},
						{"origin": [-3, 1, 4], "size": [1, 4, 1], "uv": [8, 39]},
						{"origin": [-3, 0, -2], "size": [6, 6, 6], "uv": [0, 0]},
						{"origin": [-4, 0, -1], "size": [1, 6, 4], "uv": [16, 12]},
						{"origin": [-2, 0, 4], "size": [4, 6, 1], "uv": [10, 22]},
						{"origin": [-2, 0, -3], "size": [4, 6, 1], "uv": [0, 22]},
						{"origin": [2, 1, -3], "size": [1, 4, 1], "uv": [4, 39]},
						{"origin": [3, 1, 3], "size": [1, 4, 1], "uv": [0, 39]},
						{"origin": [-4, 1, 3], "size": [1, 4, 1], "uv": [22, 34]},
						{"origin": [-3, 1, -3], "size": [1, 4, 1], "uv": [18, 34]}
					]
				}
			]
		}
	]
}