{
	"format_version": "1.8.0",
	"geometry.zombie.piglin": {
		"texturewidth": 64,
		"textureheight": 32,
		"visible_bounds_width": 2,
		"visible_bounds_height": 2,
		"visible_bounds_offset": [0, 1, 0],
		"bones": [
			{
				"name": "waist",
				"pivot": [0, 12, 0]
			},
			{
				"name": "body",
				"parent": "waist",
				"pivot": [0, 24, 0],
				"cubes": [
					{"origin": [-4, 12, -2], "size": [8, 12, 4], "uv": [16, 16]}
				]
			},
			{
				"name": "head",
				"parent": "body",
				"pivot": [0, 24, 0],
				"cubes": [
					{"origin": [-5, 24, -4], "size": [10, 8, 8], "uv": [0, 0]}
				]
			},
			{
				"name": "ear",
				"parent": "head",
				"pivot": [0, 24, 0],
				"rotation": [0, 0, -30],
				"cubes": [
					{"origin": [6, 22, -2], "size": [1, 5, 4], "uv": [54, 0]}
				]
			},
			{
				"name": "ear2",
				"parent": "head",
				"pivot": [0, 24, 0],
				"rotation": [0, 0, 25]
			},
			{
				"name": "nose",
				"parent": "head",
				"pivot": [0, 24, 0],
				"cubes": [
					{"origin": [1, 24, -4.8], "size": [1, 1, 0.8], "uv": [2, 2]},
					{"origin": [-2, 24, -4.8], "size": [1, 1, 0.8], "uv": [2, 3]},
					{"origin": [2, 24, -5], "size": [1, 2, 1], "uv": [1, 0]},
					{"origin": [-2, 25, -5], "size": [4, 3, 1], "uv": [28, 0]},
					{"origin": [-1, 24, -5], "size": [2, 1, 1], "uv": [38, 0]},
					{"origin": [-3, 24, -5], "size": [1, 2, 1], "uv": [1, 0]},
					{"origin": [-5, 24, -4], "size": [10, 8, 8], "uv": [0, 0], "inflate": 0.01}
				]
			},
			{
				"name": "rightArm",
				"parent": "body",
				"pivot": [-5, 22, 0],
				"cubes": [
					{"origin": [-8, 12, -2], "size": [4, 12, 4], "uv": [40, 16]}
				]
			},
			{
				"name": "rightItem",
				"parent": "rightArm",
				"pivot": [-6, 15, 1]
			},
			{
				"name": "leftArm",
				"parent": "body",
				"pivot": [5, 22, 0],
				"mirror": true,
				"cubes": [
					{"origin": [4, 12, -2], "size": [4, 12, 4], "uv": [40, 16], "mirror": false}
				]
			},
			{
				"name": "rightLeg",
				"parent": "body",
				"pivot": [-1.9, 12, 0],
				"cubes": [
					{"origin": [-3.9, 0, -2], "size": [4, 12, 4], "uv": [0, 16]}
				]
			},
			{
				"name": "leftLeg",
				"parent": "body",
				"pivot": [1.9, 12, 0],
				"mirror": true,
				"cubes": [
					{"origin": [-0.1, 0, -2], "size": [4, 12, 4], "uv": [0, 16], "mirror": false}
				]
			}
		]
	}
}