{
	"credit": "Made with Blockbench",
	"textures": {
		"0": "custom/decor/mobs/sleep",
		"particle": "custom/decor/mobs/sleep"
	},
	"elements": [
		{
			"name": "front_left_leg",
			"from": [2, 0, -3],
			"to": [12, 2, -1],
			"rotation": {"angle": 22.5, "axis": "y", "origin": [12, -0.2, 2]},
			"faces": {
				"north": {"uv": [11, 4.5, 11.5, 7], "rotation": 90, "texture": "#0"},
				"east": {"uv": [11, 4, 10.5, 4.5], "rotation": 270, "texture": "#0"},
				"south": {"uv": [11.5, 4.5, 12, 7], "rotation": 270, "texture": "#0"},
				"west": {"uv": [44, 2, 42, 0], "rotation": 270, "texture": "#missing"},
				"up": {"uv": [10, 4.5, 10.5, 7], "rotation": 270, "texture": "#0"},
				"down": {"uv": [10, 4.5, 10.5, 7], "rotation": 270, "texture": "#0"}
			}
		},
		{
			"name": "front_left_leg",
			"from": [4.1, -0.2, 12],
			"to": [10.1, 1.8, 14],
			"rotation": {"angle": -22.5, "axis": "z", "origin": [10.1, -0.4, 17]},
			"faces": {
				"north": {"uv": [11, 5.5, 11.5, 7], "rotation": 90, "texture": "#0"},
				"east": {"uv": [11, 4, 10.5, 4.5], "rotation": 270, "texture": "#0"},
				"south": {"uv": [11.5, 5.5, 12, 7], "rotation": 270, "texture": "#0"},
				"west": {"uv": [44, 2, 42, 0], "rotation": 270, "texture": "#missing"},
				"up": {"uv": [10, 5.5, 10.5, 7], "rotation": 270, "texture": "#0"},
				"down": {"uv": [10, 5.5, 10.5, 7], "rotation": 270, "texture": "#0"}
			}
		},
		{
			"name": "front_left_leg",
			"from": [2.3, 0, 9.2],
			"to": [12.3, 2, 11.2],
			"rotation": {"angle": 22.5, "axis": "y", "origin": [12.3, -0.2, 14.2]},
			"faces": {
				"north": {"uv": [11, 4.5, 11.5, 7], "rotation": 90, "texture": "#0"},
				"east": {"uv": [11, 4, 10.5, 4.5], "rotation": 270, "texture": "#0"},
				"south": {"uv": [11.5, 4.5, 12, 7], "rotation": 270, "texture": "#0"},
				"west": {"uv": [44, 2, 42, 0], "rotation": 270, "texture": "#missing"},
				"up": {"uv": [10, 4.5, 10.5, 7], "rotation": 270, "texture": "#0"},
				"down": {"uv": [10, 4.5, 10.5, 7], "rotation": 270, "texture": "#0"}
			}
		},
		{
			"name": "front_right_leg",
			"from": [3.8, 0, -9],
			"to": [5.8, 2, 1],
			"rotation": {"angle": -22.5, "axis": "y", "origin": [6, -3, -9]},
			"faces": {
				"north": {"uv": [11.5, 4, 11, 4.5], "rotation": 180, "texture": "#0"},
				"east": {"uv": [10, 4.5, 10.5, 7], "rotation": 270, "texture": "#0"},
				"south": {"uv": [10.5, 5.25, 10, 4.75], "texture": "#0"},
				"west": {"uv": [11, 4.5, 11.5, 7], "rotation": 90, "texture": "#0"},
				"up": {"uv": [10.5, 4.5, 11, 7], "rotation": 180, "texture": "#0"},
				"down": {"uv": [10, 4.5, 10.5, 7], "texture": "#0"}
			}
		},
		{
			"name": "tail",
			"from": [4.5, 1, 14.5],
			"to": [5.5, 2, 22.5],
			"rotation": {"angle": 22.5, "axis": "y", "origin": [5, -8, 24]},
			"faces": {
				"north": {"uv": [2, 16, 1, 15], "rotation": 180, "texture": "#missing"},
				"east": {"uv": [0.25, 8, 0.5, 10], "rotation": 90, "texture": "#0"},
				"south": {"uv": [0.5, 7.75, 0.25, 8], "texture": "#0"},
				"west": {"uv": [0.5, 8, 0.75, 10], "rotation": 270, "texture": "#0"},
				"up": {"uv": [0, 8, 0.25, 10], "texture": "#0"},
				"down": {"uv": [0.75, 8, 1, 10], "rotation": 180, "texture": "#0"}
			}
		},
		{
			"name": "tail2",
			"from": [4, 1, 21.9],
			"to": [12, 2, 22.9],
			"rotation": {"angle": 0, "axis": "z", "origin": [5.5, 1.5, 12.9]},
			"faces": {
				"north": {"uv": [1.5, 8, 1.75, 10], "rotation": 90, "texture": "#0"},
				"east": {"uv": [1.75, 7.75, 1.5, 8], "rotation": 270, "texture": "#0"},
				"south": {"uv": [1, 8, 1.25, 10], "rotation": 270, "texture": "#0"},
				"west": {"uv": [1.5, 8, 1.25, 7.75], "rotation": 270, "texture": "#0"},
				"up": {"uv": [1.25, 8, 1.5, 10], "rotation": 270, "texture": "#0"},
				"down": {"uv": [1.75, 8, 2, 10], "rotation": 270, "texture": "#0"}
			}
		},
		{
			"name": "head",
			"from": [3, -2.3, -4.9],
			"to": [8, 1.7, 0.1],
			"rotation": {"angle": 22.5, "axis": "z", "origin": [-4, -9.3, -2.4]},
			"faces": {
				"north": {"uv": [2.5, 5.25, 3.75, 6.25], "texture": "#0"},
				"east": {"uv": [1.25, 5.25, 2.5, 6.25], "texture": "#0"},
				"south": {"uv": [0, 5.25, 1.25, 6.25], "texture": "#0"},
				"west": {"uv": [3.75, 5.25, 5, 6.25], "texture": "#0"},
				"up": {"uv": [2.5, 5.25, 1.25, 4], "rotation": 90, "texture": "#0"},
				"down": {"uv": [2.5, 5.25, 3.75, 4], "rotation": 270, "texture": "#0"}
			}
		},
		{
			"name": "head",
			"from": [7, -2.28, -3.9],
			"to": [9, -0.28, -0.9],
			"rotation": {"angle": 22.5, "axis": "z", "origin": [-4, -9.3, -2.4]},
			"faces": {
				"north": {"uv": [1.25, 10.5, 1.75, 11], "texture": "#0"},
				"east": {"uv": [0.5, 10.5, 1.25, 11], "texture": "#0"},
				"south": {"uv": [0, 10.5, 0.5, 11], "texture": "#0"},
				"west": {"uv": [7, 26, 10, 28], "texture": "#missing"},
				"up": {"uv": [1.25, 10.5, 0.5, 10.25], "rotation": 90, "texture": "#0"},
				"down": {"uv": [1.25, 10.75, 0.5, 11], "rotation": 270, "texture": "#0"}
			}
		},
		{
			"name": "head",
			"from": [3, 1.7, -1.4],
			"to": [5, 2.7, -0.4],
			"rotation": {"angle": 22.5, "axis": "z", "origin": [-4, -9.3, -2.4]},
			"faces": {
				"north": {"uv": [0.75, 7, 1.25, 7.25], "texture": "#0"},
				"east": {"uv": [0.75, 7, 1.25, 7.25], "texture": "#0"},
				"south": {"uv": [0, 7, 0.5, 7.25], "texture": "#0"},
				"west": {"uv": [1.25, 7, 1.5, 7.25], "texture": "#0"},
				"up": {"uv": [2.25, 7, 2, 6.5], "rotation": 90, "texture": "#0"},
				"down": {"uv": [4, 10, 3, 12], "rotation": 270, "texture": "#missing"}
			}
		},
		{
			"name": "head",
			"from": [3, 1.7, -4.4],
			"to": [5, 2.7, -3.4],
			"rotation": {"angle": 22.5, "axis": "z", "origin": [-4, -9.3, -2.4]},
			"faces": {
				"north": {"uv": [2.25, 7, 2.75, 7.25], "texture": "#0"},
				"east": {"uv": [2, 7, 2.25, 7.25], "texture": "#0"},
				"south": {"uv": [1.5, 7, 2, 7.25], "texture": "#0"},
				"west": {"uv": [2.75, 7, 3, 7.25], "texture": "#0"},
				"up": {"uv": [2.25, 7, 2, 6.5], "rotation": 90, "texture": "#0"},
				"down": {"uv": [10, 10, 9, 12], "rotation": 270, "texture": "#missing"}
			}
		},
		{
			"name": "rotation",
			"from": [-0.1, 0, 0],
			"to": [5.9, 4, 16],
			"faces": {
				"north": {"uv": [7.5, 5.5, 6.5, 4], "rotation": 270, "texture": "#0"},
				"east": {"uv": [6.5, 5.5, 7.5, 9.5], "rotation": 90, "texture": "#0"},
				"south": {"uv": [7.5, 4, 8.5, 5.5], "rotation": 270, "texture": "#0"},
				"west": {"uv": [8.5, 5.5, 10, 9.5], "rotation": 270, "texture": "#0"},
				"up": {"uv": [5, 5.5, 6.5, 9.5], "texture": "#0"},
				"down": {"uv": [7.5, 5.5, 9, 9.5], "rotation": 180, "texture": "#0"}
			}
		}
	],
	"display": {
		"gui": {
			"rotation": [21, -68, 5],
			"translation": [0, 2, 0],
			"scale": [0.6, 0.6, 0.6]
		},
		"fixed": {
			"rotation": [-90, 90, 0],
			"translation": [4.25, -5.5, -15.5],
			"scale": [2, 2, 2]
		}
	},
	"groups": [
		{
			"name": "bone",
			"origin": [1.1, 6, 5],
			"color": 0,
			"children": [
				{
					"name": "back_left_leg",
					"origin": [1.1, 6, 5],
					"color": 0,
					"children": []
				},
				{
					"name": "back_right_leg",
					"origin": [-1.1, 6, 5],
					"color": 0,
					"children": []
				},
				{
					"name": "front_left_leg",
					"origin": [1.2, 10, -5],
					"color": 0,
					"children": [0, 1, 2]
				},
				{
					"name": "front_right_leg",
					"origin": [-1.2, 10, -5],
					"color": 0,
					"children": [3]
				},
				{
					"name": "tail",
					"origin": [0, 9.5, 9],
					"color": 0,
					"children": [4]
				},
				{
					"name": "tail2",
					"origin": [0, 1.5, 9],
					"color": 0,
					"children": [5]
				},
				{
					"name": "head",
					"origin": [0, 9, -9],
					"color": 0,
					"children": [6, 7, 8, 9]
				},
				{
					"name": "body",
					"origin": [0, 18, 6.1],
					"color": 0,
					"children": [
						{
							"name": "rotation",
							"origin": [0, 7, 1],
							"rotation": [-90, 0, 0],
							"color": 0,
							"children": [10]
						}
					]
				}
			]
		}
	]
}