{
	"format_version": "1.8.0",
	"animations": {
		"animation.vex.attack.rotations.v1.0": {
			"loop": true,
			"bones": {
				"body": {
					"rotation": [0, "variable.attackbodyroty - this", 0]
				}
			}
		},
		"animation.vex.move": {
			"loop": true,
			"anim_time_update": "query.modified_distance_moved",
			"bones": {
				"leftwing": {
					"rotation": ["27.0 - this", "-(27.0 + math.cos(query.life_time * 916.8) * 9.0) - this", "-27.0 - this"],
					"position": [0, "-1.0 - this", "2.0 - this"]
				},
				"leg0": {
					"rotation": ["variable.tcos0 * 1.4 + 36.0", 0, 0]
				},
				"rightwing": {
					"rotation": ["27.0 - this", "27.0 + math.cos(query.life_time * 916.8) * 9.0 - this", "27.0 - this"],
					"position": [0, "-1.0 - this", "2.0 - this"]
				}
			}
		}
	}
}