{
	"format_version": "1.8.0",
	"geometry.yoda": {
		"texturewidth": 64,
		"textureheight": 64,
		"visible_bounds_width": 2,
		"visible_bounds_height": 1,
		"visible_bounds_offset": [0, 0.5, 0],
		"bones": [
			{
				"name": "head",
				"pivot": [0, 9.5, 1],
				"cubes": [
					{"origin": [-4, 9, -3], "size": [8, 8, 8], "uv": [0, 0], "inflate": -0.7},
					{"origin": [3, 14, 0], "size": [4, 1, 1], "uv": [11, 2]},
					{"origin": [-7, 14, 0], "size": [4, 1, 1], "uv": [19, 11]},
					{"origin": [5, 13, 0], "size": [1, 1, 1], "uv": [15, 3]},
					{"origin": [-6, 13, 0], "size": [1, 1, 1], "uv": [17, 0]},
					{"origin": [3, 12, 0], "size": [2, 2, 1], "uv": [16, 5]},
					{"origin": [-5, 12, 0], "size": [2, 2, 1], "uv": [15, 2]}
				],
				"locators": {
					"lead": [-1, 24, -2]
				}
			},
			{
				"name": "bone",
				"parent": "head",
				"pivot": [0, 0, 0]
			},
			{
				"name": "body",
				"pivot": [0, 15, 1],
				"cubes": [
					{"origin": [-3, 0, -1], "size": [6, 10, 4], "uv": [0, 16]}
				]
			},
			{
				"name": "upperBody",
				"parent": "body",
				"pivot": [-1, 15, 1],
				"rotation": [-80, 0, 0]
			},
			{
				"name": "leftArm",
				"parent": "upperBody",
				"pivot": [4, 14, 8],
				"rotation": [-10, 0, 0],
				"cubes": [
					{"origin": [3, 13, 6.5], "size": [2, 2, 5], "uv": [20, 20]}
				]
			},
			{
				"name": "rightArm",
				"parent": "upperBody",
				"pivot": [-4, 14, 8],
				"rotation": [-10, 0, 0],
				"cubes": [
					{"origin": [-5, 13, 6.5], "size": [2, 2, 5], "uv": [20, 20]}
				]
			},
			{
				"name": "rightLeg",
				"pivot": [-5.5, 13, 1],
				"rotation": [25, 0, 0]
			},
			{
				"name": "bone2",
				"parent": "rightLeg",
				"pivot": [6, 1, 1],
				"rotation": [65, 0, 0]
			},
			{
				"name": "tail",
				"pivot": [-1, 12, 8],
				"rotation": [70, 0, 0]
			},
			{
				"name": "bone4",
				"parent": "tail",
				"pivot": [0, 0, 0],
				"rotation": [-10, 0, 0]
			}
		]
	},
	"geometry.werewolf": {
		"texturewidth": 64,
		"textureheight": 64,
		"visible_bounds_width": 2,
		"visible_bounds_height": 1,
		"visible_bounds_offset": [0, 0.5, 0],
		"bones": [
			{
				"name": "body",
				"pivot": [0, 15, 1],
				"cubes": [
					{"origin": [-3, 0, -1], "size": [6, 10, 4], "uv": [0, 16]}
				]
			},
			{
				"name": "upperBody",
				"parent": "body",
				"pivot": [-1, 15, 1],
				"rotation": [-80, 0, 0]
			},
			{
				"name": "leftArm",
				"parent": "upperBody",
				"pivot": [4, 14, 8],
				"rotation": [-10, 0, 0],
				"cubes": [
					{"origin": [3, 13, 6.5], "size": [2, 2, 5], "uv": [20, 20]}
				]
			},
			{
				"name": "rightArm",
				"parent": "upperBody",
				"pivot": [-4, 14, 8],
				"rotation": [-10, 0, 0],
				"cubes": [
					{"origin": [-5, 13, 6.5], "size": [2, 2, 5], "uv": [20, 20]}
				]
			},
			{
				"name": "1",
				"parent": "body",
				"pivot": [0, 12.5, 1],
				"cubes": [
					{"origin": [-4, 9, -3], "size": [8, 8, 8], "uv": [0, 0], "inflate": -0.7},
					{"origin": [3, 14, 0], "size": [4, 1, 1], "uv": [11, 2]},
					{"origin": [-7, 14, 0], "size": [4, 1, 1], "uv": [19, 11]},
					{"origin": [5, 13, 0], "size": [1, 1, 1], "uv": [15, 3]},
					{"origin": [-6, 13, 0], "size": [1, 1, 1], "uv": [17, 0]},
					{"origin": [3, 12, 0], "size": [2, 2, 1], "uv": [16, 5]},
					{"origin": [-5, 12, 0], "size": [2, 2, 1], "uv": [15, 2]}
				],
				"locators": {
					"lead": [-1, 24, -2]
				}
			},
			{
				"name": "bone",
				"parent": "1",
				"pivot": [0, 0, 0]
			},
			{
				"name": "rightLeg",
				"pivot": [-5.5, 13, 1],
				"rotation": [25, 0, 0]
			},
			{
				"name": "bone2",
				"parent": "rightLeg",
				"pivot": [6, 1, 1],
				"rotation": [65, 0, 0]
			},
			{
				"name": "tail",
				"pivot": [-1, 12, 8],
				"rotation": [70, 0, 0]
			},
			{
				"name": "bone4",
				"parent": "tail",
				"pivot": [0, 0, 0],
				"rotation": [-10, 0, 0]
			}
		]
	}
}