{
	"format_version": "1.12.0",
	"minecraft:geometry": [
		{
			"description": {
				"identifier": "geometry.eye",
				"texture_width": 64,
				"texture_height": 64,
				"visible_bounds_width": 3,
				"visible_bounds_height": 1,
				"visible_bounds_offset": [0, 0.5, 0]
			},
			"bones": [
				{
					"name": "body",
					"pivot": [0, 21, 0],
					"cubes": [
						{"origin": [-3, 23, -9], "size": [5, 1, 1], "pivot": [0, 21, 0], "uv": [18, 34]},
						{"origin": [-2, 29, 3], "size": [1, 1, 3], "pivot": [0, 21, 0], "uv": [50, 54]},
						{"origin": [2, 28, 4], "size": [1, 1, 2], "pivot": [0, 21, 0], "uv": [49, 51]},
						{"origin": [2, 27, 3], "size": [1, 1, 1], "pivot": [0, 21, 0], "uv": [59, 58]},
						{"origin": [1, 24, 3], "size": [1, 1, 2], "pivot": [0, 21, 0], "uv": [58, 61]},
						{"origin": [-3, 25, 6], "size": [1, 1, 3], "pivot": [0, 21, 0], "uv": [56, 54]},
						{"origin": [-3, 24, 3], "size": [1, 1, 3], "pivot": [0, 21, 0], "uv": [56, 60]},
						{"origin": [-1, 26, 3], "size": [1, 1, 6], "pivot": [0, 21, 0], "uv": [49, 57]},
						{"origin": [-5, 22, 1], "size": [1, 8, 1], "pivot": [0, 21, 0], "uv": [29, 35]},
						{"origin": [4, 22, 1], "size": [1, 8, 1], "pivot": [0, 21, 0], "uv": [18, 36]},
						{"origin": [4, 22, -8], "size": [1, 8, 1], "pivot": [0, 21, 0], "uv": [22, 36]},
						{"origin": [-5, 22, -8], "size": [1, 8, 1], "pivot": [0, 21, 0], "uv": [22, 36]},
						{"origin": [-4, 22, 2], "size": [8, 8, 1], "pivot": [0, 21, 0], "uv": [0, 29]},
						{"origin": [-4, 21, 1], "size": [8, 10, 1], "pivot": [0, 21, 0], "uv": [0, 18]},
						{"origin": [-4, 21, -8], "size": [8, 10, 1], "pivot": [0, 21, 0], "uv": [18, 18]},
						{"origin": [-1.5, 24.5, -10.5], "size": [3, 3, 1], "pivot": [0, 21, 0], "uv": [36, 0]},
						{"origin": [-3, 24, -10], "size": [1, 4, 1], "pivot": [0, 21, 0], "uv": [4, 38]},
						{"origin": [2, 24, -10], "size": [1, 4, 1], "pivot": [0, 21, 0], "uv": [4, 38]},
						{"origin": [-2, 23, -10], "size": [4, 6, 1], "pivot": [0, 21, 0], "uv": [33, 33]},
						{"origin": [-2, 29, -9], "size": [4, 1, 1], "pivot": [0, 21, 0], "uv": [18, 34]},
						{"origin": [-4, 24, -9], "size": [1, 4, 1], "pivot": [0, 21, 0], "uv": [8, 38]},
						{"origin": [-3, 28, -9], "size": [1, 1, 1], "pivot": [0, 21, 0], "uv": [21, 34]},
						{"origin": [3, 24, -9], "size": [1, 4, 1], "pivot": [0, 21, 0], "uv": [8, 38]},
						{"origin": [-2, 28, -9], "size": [5, 1, 1], "pivot": [0, 21, 0], "uv": [18, 34]},
						{"origin": [2, 23, -9], "size": [1, 1, 1], "pivot": [0, 21, 0], "uv": [21, 34]},
						{"origin": [-2, 22, -9], "size": [4, 1, 1], "pivot": [0, 21, 0], "uv": [18, 34]},
						{"origin": [-4, 25, 9], "size": [1, 1, 1], "pivot": [0, 21, 0], "uv": [50, 62]},
						{"origin": [-2, 29, 8], "size": [1, 1, 1], "pivot": [0, 21, 0], "uv": [49, 53]},
						{"origin": [-2, 28, 6], "size": [1, 1, 2], "pivot": [0, 21, 0], "uv": [48, 54]},
						{"origin": [2, 24, 7], "size": [1, 1, 2], "pivot": [0, 21, 0], "uv": [52, 56]},
						{"origin": [1, 25, 5], "size": [1, 1, 2], "pivot": [0, 21, 0], "uv": [56, 61]},
						{"origin": [0, 27, 13], "size": [1, 1, 1], "pivot": [0, 21, 0], "uv": [42, 58]},
						{"origin": [-1, 27, 9], "size": [1, 1, 4], "pivot": [0, 21, 0], "uv": [42, 55]},
						{"origin": [-5, 21, -7], "size": [10, 10, 8], "pivot": [0, 21, 0], "uv": [0, 0]}
					]
				}
			]
		}
	]
}