{
	"format_version": "1.8.0",
	"geometry.facemonster": {
		"texturewidth": 64,
		"textureheight": 64,
		"visible_bounds_width": 2,
		"visible_bounds_height": 2,
		"visible_bounds_offset": [0, 1, 0],
		"bones": [
			{
				"name": "waist",
				"pivot": [0, 12, 0]
			},
			{
				"name": "body",
				"parent": "waist",
				"pivot": [0, 24, 0],
				"cubes": [
					{"origin": [-4, 12, -2], "size": [8, 12, 4], "uv": [28, 28]}
				]
			},
			{
				"name": "head",
				"parent": "body",
				"pivot": [0, 24, 0],
				"cubes": [
					{"origin": [-4, 24, -4], "size": [8, 8, 8], "uv": [0, 16]},
					{"origin": [1, 25.5, -5.5], "size": [2, 4, 0.5], "uv": [0, 60]},
					{"origin": [-3, 25.5, -5.5], "size": [2, 4, 0.5], "uv": [0, 60]},
					{"origin": [-3.5, 25, -5], "size": [3, 5, 1], "uv": [0, 59]},
					{"origin": [0.5, 25, -5], "size": [3, 5, 1], "uv": [0, 59]},
					{"origin": [-3, 18, -4], "size": [1, 6, 2], "uv": [24, 16]},
					{"origin": [2, 18, -4], "size": [1, 6, 2], "uv": [24, 16]},
					{"origin": [-1, 16, -4], "size": [2, 1, 2], "uv": [24, 16]},
					{"origin": [-2, 17, -4], "size": [1, 1, 2], "uv": [24, 16]},
					{"origin": [1, 18, -4], "size": [0.5, 1, 1], "uv": [55, 15]},
					{"origin": [0, 17, -4], "size": [0.5, 1, 1], "uv": [55, 15]},
					{"origin": [-2, 18, -4], "size": [0.5, 1, 1], "uv": [55, 15]},
					{"origin": [-1, 22, -4], "size": [0.5, 1, 1], "uv": [55, 15]},
					{"origin": [1, 17, -4], "size": [1, 1, 2], "uv": [24, 16]},
					{"origin": [-2, 18, -3], "size": [4, 5, 1], "uv": [54, 58]},
					{"origin": [-1, 17, -3], "size": [2, 1, 1], "uv": [54, 59]},
					{"origin": [-2, 23, -4], "size": [4, 1, 2], "uv": [24, 16]}
				]
			},
			{
				"name": "hat",
				"parent": "head",
				"pivot": [0, 24, 0],
				"cubes": [
					{"origin": [-4, 24, -4], "size": [8, 8, 8], "uv": [0, 0], "inflate": 0.1}
				]
			},
			{
				"name": "rightArm",
				"parent": "body",
				"pivot": [-5, 22, 0],
				"cubes": [
					{"origin": [-8, 12, -2], "size": [4, 12, 4], "uv": [32, 44]}
				]
			},
			{
				"name": "rightItem",
				"parent": "rightArm",
				"pivot": [-6, 15, 1]
			},
			{
				"name": "leftArm",
				"parent": "body",
				"pivot": [5, 22, 0],
				"mirror": true,
				"cubes": [
					{"origin": [4, 12, -2], "size": [4, 12, 4], "uv": [32, 44], "mirror": false}
				]
			},
			{
				"name": "rightLeg",
				"parent": "body",
				"pivot": [-1.9, 12, 0],
				"cubes": [
					{"origin": [-3.9, 0, -2], "size": [4, 12, 4], "uv": [32, 44]}
				]
			},
			{
				"name": "leftLeg",
				"parent": "body",
				"pivot": [1.9, 12, 0],
				"mirror": true,
				"cubes": [
					{"origin": [-0.1, 0, -2], "size": [4, 12, 4], "uv": [32, 44], "mirror": false}
				]
			}
		]
	}
}