{
	"format_version": "1.8.0",
	"geometry.kuro": {
		"texturewidth": 64,
		"textureheight": 32,
		"visible_bounds_width": 4,
		"visible_bounds_height": 1,
		"visible_bounds_offset": [0, 0.5, 0],
		"bones": [
			{
				"name": "body1",
				"pivot": [0, 6, 1]
			},
			{
				"name": "head",
				"parent": "body1",
				"pivot": [0, 8, -9],
				"cubes": [
					{"origin": [-2.5, 8, -12], "size": [5, 4, 5], "uv": [0, 0]},
					{"origin": [-1.5, 10, -12.2], "size": [1, 1, 1], "uv": [0, 30], "inflate": -0.1},
					{"origin": [0.5, 10, -12.2], "size": [1, 1, 1], "uv": [0, 30], "inflate": -0.1},
					{"origin": [-1.5, 12, -11], "size": [1, 1, 2], "uv": [56, 28]},
					{"origin": [0.5, 12, -11], "size": [1, 1, 2], "uv": [56, 28]},
					{"origin": [-1.5, 8.01562, -13], "size": [3, 2, 2], "uv": [0, 24]},
					{"origin": [-2, 12, -9], "size": [1, 1, 2], "uv": [0, 10]},
					{"origin": [1, 12, -9], "size": [1, 1, 2], "uv": [6, 10]}
				],
				"locators": {
					"lead": [0, 10, -9]
				}
			},
			{
				"name": "tail1",
				"parent": "body1",
				"pivot": [0, 8, 8],
				"rotation": [105, 0, 0]
			},
			{
				"name": "tail3",
				"parent": "tail1",
				"pivot": [0, 8, 16],
				"rotation": [5, 0, 15],
				"cubes": [
					{"origin": [-1.5, 0, 7], "size": [1, 8, 1], "uv": [33, 10]},
					{"origin": [-1.5, -3, 6], "size": [1, 3, 1], "uv": [4, 17]},
					{"origin": [-1.5, -6, 5], "size": [1, 3, 1], "uv": [4, 15]}
				]
			},
			{
				"name": "bone2",
				"parent": "tail1",
				"pivot": [0, -1, 0],
				"rotation": [15, 0, -15],
				"cubes": [
					{"origin": [1.5, 0, 9], "size": [1, 5, 1], "uv": [4, 16]},
					{"origin": [1.5, -3, 8], "size": [1, 3, 1], "uv": [4, 17]},
					{"origin": [1.5, -7, 9], "size": [1, 4, 1], "uv": [4, 15]}
				]
			},
			{
				"name": "backlegL",
				"parent": "body1",
				"pivot": [1.1, 5, 7],
				"cubes": [
					{"origin": [0.1, -1, 6], "size": [2, 6, 2], "uv": [8, 13]}
				]
			},
			{
				"name": "backLegR",
				"parent": "body1",
				"pivot": [-1.1, 5, 7],
				"cubes": [
					{"origin": [-2.1, -1, 6], "size": [2, 6, 2], "uv": [8, 13]}
				]
			},
			{
				"name": "frontLegL",
				"parent": "body1",
				"pivot": [1.2, 9, -4],
				"cubes": [
					{"origin": [0.2, -0.8, -5], "size": [2, 10, 2], "uv": [40, 0]}
				]
			},
			{
				"name": "frontLegR",
				"parent": "body1",
				"pivot": [-1.2, 9, -4],
				"cubes": [
					{"origin": [-2.2, -0.8, -5], "size": [2, 10, 2], "uv": [40, 0]}
				]
			},
			{
				"name": "body",
				"parent": "body1",
				"pivot": [0, -1, 0],
				"rotation": [90, 0, 0],
				"cubes": [
					{"origin": [-2, -10, 6], "size": [4, 16, 6], "uv": [20, 0]}
				]
			}
		]
	}
}