{
	"format_version": "1.8.0",
	"geometry.pillager": {
		"texturewidth": 64,
		"textureheight": 64,
		"visible_bounds_width": 2,
		"visible_bounds_height": 2,
		"visible_bounds_offset": [0, 1, 0],
		"bones": [
			{
				"name": "waist",
				"pivot": [0, 12, 0]
			},
			{
				"name": "body",
				"parent": "waist",
				"pivot": [0, 0, 0],
				"cubes": [
					{"origin": [-4, 12, -2], "size": [8, 12, 4], "uv": [0, 16]}
				]
			},
			{
				"name": "head",
				"parent": "body",
				"pivot": [0, 24, 0],
				"cubes": [
					{"origin": [-4, 24, -4], "size": [8, 8, 8], "uv": [0, 0]},
					{"origin": [-4, 24, -4], "size": [8, 8, 8], "uv": [0, 48], "inflate": 0.4}
				],
				"locators": {
					"lead": [0, 0, 0]
				}
			},
			{
				"name": "leftear",
				"parent": "head",
				"pivot": [0, 0, 0],
				"rotation": [25, 0, 0],
				"cubes": [
					{"origin": [4, 26, 15], "size": [1, 2, 3], "uv": [24, 0]},
					{"origin": [4, 26.5, 18], "size": [1, 1, 1], "uv": [0, 18]}
				]
			},
			{
				"name": "rightear",
				"parent": "head",
				"pivot": [0, 0, 0],
				"rotation": [25, 0, 0],
				"cubes": [
					{"origin": [-5, 26, 15], "size": [1, 2, 3], "uv": [0, 0]},
					{"origin": [-5, 26.5, 18], "size": [1, 1, 1], "uv": [0, 16]}
				]
			},
			{
				"name": "nose",
				"parent": "head",
				"pivot": [0, 26, 0],
				"cubes": [
					{"origin": [-1, 26, -6], "size": [2, 1, 2], "uv": [0, 5], "inflate": 0.5}
				]
			},
			{
				"name": "leftLeg",
				"parent": "body",
				"pivot": [2, 12, 0],
				"cubes": [
					{"origin": [0, 0, -4], "size": [4, 3, 6], "uv": [44, 55], "inflate": 0.1},
					{"origin": [0, 0, -2], "size": [4, 12, 4], "uv": [36, 36]}
				]
			},
			{
				"name": "rightLeg",
				"parent": "body",
				"pivot": [-2, 12, 0],
				"mirror": true,
				"cubes": [
					{"origin": [-4, 0, -2], "size": [4, 12, 4], "uv": [36, 36], "mirror": false},
					{"origin": [-4, 0, -4], "size": [4, 3, 6], "uv": [44, 55], "inflate": 0.1, "mirror": false}
				]
			},
			{
				"name": "rightarm",
				"parent": "body",
				"pivot": [-5, 22, 0],
				"cubes": [
					{"origin": [-8, 12, -2], "size": [4, 12, 4], "uv": [24, 24]},
					{"origin": [-9, 23, -2], "size": [5, 1, 4], "uv": [24, 16]},
					{"origin": [-8, 24, -2], "size": [4, 1, 4], "uv": [16, 40]},
					{"origin": [-8, 23, -3], "size": [4, 1, 1], "uv": [24, 21]},
					{"origin": [-8, 23, 2], "size": [4, 1, 1], "uv": [24, 21]}
				]
			},
			{
				"name": "leftarm",
				"parent": "body",
				"pivot": [5, 22, 0],
				"mirror": true,
				"cubes": [
					{"origin": [4, 12, -2], "size": [4, 12, 4], "uv": [24, 24], "mirror": false},
					{"origin": [4, 23, -2], "size": [5, 1, 4], "uv": [24, 16], "mirror": false},
					{"origin": [4, 23, 2], "size": [4, 1, 1], "uv": [24, 21], "mirror": false},
					{"origin": [4, 23, -3], "size": [4, 1, 1], "uv": [24, 21], "mirror": false},
					{"origin": [4, 24, -2], "size": [4, 1, 4], "uv": [16, 40], "mirror": false}
				]
			},
			{
				"name": "rightItem",
				"pivot": [-6, 15, 1]
			}
		]
	}
}