{
	"format_version": "1.8.0",
	"geometry.slimeking": {
		"texturewidth": 162,
		"textureheight": 145,
		"visible_bounds_width": 2,
		"visible_bounds_height": 1,
		"visible_bounds_offset": [0, 0.5, 0],
		"bones": [
			{
				"name": "bone",
				"pivot": [0, 0, 0]
			},
			{
				"name": "cube",
				"parent": "bone",
				"pivot": [0, 24, 0],
				"cubes": [
					{"origin": [-5, 0, -3], "size": [9, 1, 6], "uv": [103, 75]},
					{"origin": [-5, 1, -3], "size": [9, 7, 6], "uv": [103, 75]},
					{"origin": [4, 1, -3], "size": [0, 1, 6], "uv": [103, 75]},
					{"origin": [-6, 1, -3], "size": [1, 1, 6], "uv": [103, 75]},
					{"origin": [-7, 2, -4], "size": [2, 3, 8], "uv": [103, 75]},
					{"origin": [4, 2, -4], "size": [2, 3, 8], "uv": [103, 75]},
					{"origin": [4, 2, 4], "size": [1, 3, 1], "uv": [103, 75]},
					{"origin": [4, 2, -5], "size": [1, 3, 1], "uv": [103, 75]},
					{"origin": [-6, 2, -5], "size": [1, 3, 1], "uv": [103, 75]},
					{"origin": [-6, 2, 4], "size": [1, 3, 1], "uv": [103, 75]},
					{"origin": [4, 5, -3], "size": [1, 3, 6], "uv": [103, 75]},
					{"origin": [-6, 5, -3], "size": [1, 3, 6], "uv": [103, 75]},
					{"origin": [-5, 8, -3], "size": [2, 1, 6], "uv": [103, 75]},
					{"origin": [2, 8, -3], "size": [2, 1, 6], "uv": [103, 75]},
					{"origin": [-3, 8, -3], "size": [5, 2, 6], "uv": [103, 75]}
				]
			},
			{
				"name": "eye0",
				"parent": "cube",
				"pivot": [0, 24, 0],
				"cubes": [
					{"origin": [-3, 4.1, -6.5], "size": [2, 3, 2], "uv": [79, 96]}
				]
			},
			{
				"name": "eye1",
				"parent": "eye0",
				"pivot": [0, 24, 0],
				"cubes": [
					{"origin": [0, 4.1, -6.5], "size": [2, 3, 2], "uv": [79, 96]}
				]
			},
			{
				"name": "cube2",
				"parent": "bone",
				"pivot": [0, 24, 0],
				"cubes": [
					{"origin": [-5, 0, -4], "size": [9, 1, 1], "uv": [106, 78]},
					{"origin": [-5, 1, -5], "size": [9, 7, 2], "uv": [106, 78]},
					{"origin": [-3, 8, -5], "size": [5, 1, 1], "uv": [106, 78]},
					{"origin": [-3, 0, -5], "size": [5, 1, 1], "uv": [106, 78]},
					{"origin": [-4, 1, -6], "size": [7, 6, 1], "uv": [106, 78]},
					{"origin": [4, 1, -3], "size": [1, 1, 6], "uv": [106, 78]},
					{"origin": [4, 1, -4], "size": [1, 1, 1], "uv": [106, 78]},
					{"origin": [-6, 1, -3], "size": [1, 1, 6], "uv": [106, 78]},
					{"origin": [-6, 1, -4], "size": [1, 1, 1], "uv": [106, 78]},
					{"origin": [4, 2, -4], "size": [1, 3, 1], "uv": [106, 78]},
					{"origin": [4, 5, -4], "size": [1, 3, 1], "uv": [106, 78]},
					{"origin": [-6, 5, -4], "size": [1, 3, 1], "uv": [106, 78]},
					{"origin": [-5, 8, -3], "size": [2, 1, 6], "uv": [106, 78]},
					{"origin": [-5, 8, -4], "size": [2, 1, 1], "uv": [106, 78]},
					{"origin": [2, 8, -4], "size": [2, 1, 1], "uv": [106, 78]},
					{"origin": [-3, 8, -4], "size": [5, 2, 1], "uv": [106, 78]}
				]
			},
			{
				"name": "cube3",
				"parent": "bone",
				"pivot": [0, 24, 0],
				"cubes": [
					{"origin": [-5, 0, 3], "size": [9, 1, 1], "uv": [63, 60]},
					{"origin": [-5, 1, 3], "size": [9, 7, 2], "uv": [63, 60]},
					{"origin": [-3, 8, 4], "size": [5, 1, 1], "uv": [63, 60]},
					{"origin": [-3, 0, 4], "size": [5, 1, 1], "uv": [63, 60]},
					{"origin": [-4, 1, 5], "size": [7, 6, 1], "uv": [63, 60]},
					{"origin": [4, 1, -3], "size": [1, 1, 6], "uv": [63, 60]},
					{"origin": [4, 1, 3], "size": [1, 1, 1], "uv": [63, 60]},
					{"origin": [-6, 1, -3], "size": [1, 1, 6], "uv": [63, 60]},
					{"origin": [-6, 1, 3], "size": [1, 1, 1], "uv": [63, 60]},
					{"origin": [4, 2, 3], "size": [1, 3, 1], "uv": [63, 60]},
					{"origin": [4, 5, 3], "size": [1, 3, 1], "uv": [63, 60]},
					{"origin": [-6, 5, 3], "size": [1, 3, 1], "uv": [63, 60]},
					{"origin": [-5, 8, -3], "size": [2, 1, 6], "uv": [63, 60]},
					{"origin": [-5, 8, 3], "size": [2, 1, 1], "uv": [63, 60]},
					{"origin": [2, 8, 3], "size": [2, 1, 1], "uv": [63, 60]},
					{"origin": [-3, 8, 3], "size": [5, 2, 1], "uv": [63, 60]}
				]
			},
			{
				"name": "crown",
				"parent": "bone",
				"pivot": [0, 24, 0],
				"cubes": [
					{"origin": [-5, 9, -5], "size": [9, 1, 1], "uv": [5, 8]},
					{"origin": [3, 9, -4], "size": [1, 1, 8], "uv": [5, 8]},
					{"origin": [-5, 9, -4], "size": [1, 1, 8], "uv": [5, 8]},
					{"origin": [-5, 9, 4], "size": [9, 1, 1], "uv": [5, 8]},
					{"origin": [3, 10, -5], "size": [1, 1, 1], "uv": [5, 8]},
					{"origin": [3, 10, 4], "size": [1, 1, 1], "uv": [5, 8]},
					{"origin": [3, 10, -1], "size": [1, 1, 2], "uv": [5, 8]},
					{"origin": [-5, 10, -1], "size": [1, 1, 2], "uv": [5, 8]},
					{"origin": [-5, 10, 4], "size": [1, 1, 1], "uv": [5, 8]},
					{"origin": [-2, 10, 4], "size": [3, 1, 1], "uv": [5, 8]},
					{"origin": [-5, 10, -5], "size": [1, 1, 1], "uv": [5, 8]},
					{"origin": [-3, 10, -5], "size": [5, 1, 1], "uv": [5, 8]},
					{"origin": [-2, 11, -5], "size": [3, 1, 1], "uv": [5, 8]},
					{"origin": [-1.5, 9.4, -5.5], "size": [2, 2, 1], "uv": [78, 42]}
				]
			}
		]
	}
}