{
	"format_version": "1.8.0",
	"geometry.vindicator.gob": {
		"texturewidth": 128,
		"textureheight": 128,
		"visible_bounds_width": 2,
		"visible_bounds_height": 2,
		"visible_bounds_offset": [0, 1, 0],
		"bones": [
			{
				"name": "body",
				"pivot": [0, 24, 0],
				"cubes": [
					{"origin": [-4, 12, -2], "size": [8, 12, 4], "uv": [0, 32]},
					{"origin": [-4, 12, -2], "size": [8, 12, 4], "uv": [28, 28], "inflate": 0.3}
				]
			},
			{
				"name": "leg0",
				"parent": "body",
				"pivot": [-2, 12, 0],
				"cubes": [
					{"origin": [-4, 0, -2], "size": [4, 12, 4], "uv": [56, 0]},
					{"origin": [-4, 0, -2], "size": [4, 12, 4], "uv": [32, 0], "inflate": 0.2}
				]
			},
			{
				"name": "leg1",
				"parent": "body",
				"pivot": [2, 12, 0],
				"mirror": true,
				"cubes": [
					{"origin": [0, 0, -2], "size": [4, 12, 4], "uv": [52, 28], "mirror": false},
					{"origin": [0, 0, -2], "size": [4, 12, 4], "uv": [32, 0], "inflate": 0.2, "mirror": false}
				]
			},
			{
				"name": "rightArm",
				"parent": "body",
				"pivot": [-5, 22, 0],
				"cubes": [
					{"origin": [-8, 12, -2], "size": [4, 12, 4], "uv": [0, 48]},
					{"origin": [-8, 12, -2], "size": [4, 12, 4], "uv": [44, 12], "inflate": 0.3}
				]
			},
			{
				"name": "rightItem",
				"parent": "rightArm",
				"pivot": [-5.5, 16, 0.5]
			},
			{
				"name": "leftArm",
				"parent": "body",
				"pivot": [5, 22, 0],
				"mirror": true,
				"cubes": [
					{"origin": [4, 12, -2], "size": [4, 12, 4], "uv": [0, 48], "mirror": false},
					{"origin": [4, 12, -2], "size": [4, 12, 4], "uv": [36, 44], "inflate": 0.3, "mirror": false}
				]
			},
			{
				"name": "head",
				"parent": "body",
				"pivot": [0, 24, 0],
				"cubes": [
					{"origin": [-4, 24, -4], "size": [8, 8, 8], "uv": [0, 16]},
					{"origin": [-4, 24, -4], "size": [8, 8, 8], "uv": [0, 0], "inflate": 0.4}
				],
				"locators": {
					"lead": [0, 0, 0]
				}
			},
			{
				"name": "leftear",
				"parent": "head",
				"pivot": [0, 0, 0],
				"rotation": [25, 0, 0],
				"cubes": [
					{"origin": [4, 26, 15], "size": [1, 2, 3], "uv": [0, 16]},
					{"origin": [4, 26.5, 18], "size": [1, 1, 1], "uv": [4, 21]}
				]
			},
			{
				"name": "rightear",
				"parent": "head",
				"pivot": [0, 0, 0],
				"rotation": [25, 0, 0],
				"cubes": [
					{"origin": [-5, 26, 15], "size": [1, 2, 3], "uv": [0, 0]},
					{"origin": [-5, 26.5, 18], "size": [1, 1, 1], "uv": [0, 21]}
				]
			},
			{
				"name": "nose",
				"parent": "head",
				"pivot": [0, 26, 0],
				"cubes": [
					{"origin": [-1, 26, -6], "size": [2, 1, 2], "uv": [0, 5], "inflate": 0.5}
				]
			}
		]
	}
}