{
  "overrides": [
    {
      "model": "custom/entites/demon_eye/demon_eye",
      "predicate": {
        "custom_model_data": 256
      }
    },
    {
      "model": "custom/entites/demon_eye/demon_eye_hurt",
      "predicate": {
        "custom_model_data": 257
      }
    },
    {
      "model": "custom/entites/demon_eye/demon_eye_rotate1",
      "predicate": {
        "custom_model_data": 258
      }
    },
    {
      "model": "custom/entites/demon_eye/demon_eye_rotate1_hurt",
      "predicate": {
        "custom_model_data": 259
      }
    },
    {
      "model": "custom/entites/pets/slime_morph",
      "predicate": {
        "custom_model_data": 272
      }
    }
  ],
  "parent": "minecraft:item/generated",
  "textures": {
    "layer0": "minecraft:item/paper"
  }
}