{
	"credit": "Made with Blockbench",
	"texture_size": [64, 64],
	"textures": {
		"0": "custom/entites/ender_dragon_baby_hurt",
		"particle": "custom/entites/ender_dragon_baby_hurt"
	},
	"elements": [
		{
			"name": "body",
			"from": [6, 3, 4],
			"to": [11, 6, 13],
			"rotation": {"angle": 0, "axis": "y", "origin": [0, -20, 0]},
			"faces": {
				"north": {"uv": [7.5, 5, 8.75, 5.75], "texture": "#0"},
				"east": {"uv": [7.75, 6.5, 5.5, 7.25], "texture": "#0"},
				"south": {"uv": [7.5, 5.75, 8.75, 6.5], "texture": "#0"},
				"west": {"uv": [5.5, 6.5, 7.75, 7.25], "texture": "#0"},
				"up": {"uv": [7.75, 4, 6.5, 1.75], "texture": "#0"},
				"down": {"uv": [3.25, 6.5, 2, 8.75], "texture": "#0"}
			}
		},
		{
			"name": "bone2",
			"from": [8.99, 1.52241, -2.65367],
			"to": [10.99, 6.52241, -0.65367],
			"rotation": {"angle": -22.5, "axis": "x", "origin": [7, 24, 6]},
			"faces": {
				"north": {"uv": [7.75, 7.5, 8.25, 8.75], "texture": "#0"},
				"east": {"uv": [7.75, 7.5, 8.25, 8.75], "texture": "#0"},
				"south": {"uv": [7.75, 7.5, 8.25, 8.75], "texture": "#0"},
				"west": {"uv": [7.75, 7.5, 8.25, 8.75], "texture": "#0"},
				"up": {"uv": [9.25, 6.5, 8.75, 6], "texture": "#0"},
				"down": {"uv": [8.25, 8.25, 7.75, 8.75], "texture": "#0"}
			}
		},
		{
			"name": "bone3",
			"from": [6.009, 1.52241, -2.65367],
			"to": [8.009, 6.52241, -0.65367],
			"rotation": {"angle": -22.5, "axis": "x", "origin": [7, 24, 6]},
			"faces": {
				"north": {"uv": [7.75, 7.5, 8.25, 8.75], "texture": "#0"},
				"east": {"uv": [7.75, 7.5, 8.25, 8.75], "texture": "#0"},
				"south": {"uv": [7.75, 7.5, 8.25, 8.75], "texture": "#0"},
				"west": {"uv": [7.75, 7.5, 8.25, 8.75], "texture": "#0"},
				"up": {"uv": [9.25, 6.5, 8.75, 6], "texture": "#0"},
				"down": {"uv": [8.25, 8.25, 7.75, 8.75], "texture": "#0"}
			}
		},
		{
			"name": "bone3",
			"from": [6.009, 2.52241, 1.34633],
			"to": [8.009, 6.52241, 3.34633],
			"rotation": {"angle": -22.5, "axis": "x", "origin": [10, 24, 11]},
			"faces": {
				"north": {"uv": [7.75, 7.75, 8.25, 8.75], "texture": "#0"},
				"east": {"uv": [7.75, 7.75, 8.25, 8.75], "texture": "#0"},
				"south": {"uv": [7.75, 7.75, 8.25, 8.75], "texture": "#0"},
				"west": {"uv": [7.75, 7.75, 8.25, 8.75], "texture": "#0"},
				"up": {"uv": [9.5, 8, 9, 7.5], "texture": "#0"},
				"down": {"uv": [8.25, 8.25, 7.75, 8.75], "texture": "#0"}
			}
		},
		{
			"name": "bone4",
			"from": [8.99, 2.52241, 1.34633],
			"to": [10.99, 6.52241, 3.34633],
			"rotation": {"angle": -22.5, "axis": "x", "origin": [10, 24, 11]},
			"faces": {
				"north": {"uv": [7.75, 7.75, 8.25, 8.75], "texture": "#0"},
				"east": {"uv": [7.75, 7.75, 8.25, 8.75], "texture": "#0"},
				"south": {"uv": [7.75, 7.75, 8.25, 8.75], "texture": "#0"},
				"west": {"uv": [7.75, 7.75, 8.25, 8.75], "texture": "#0"},
				"up": {"uv": [9.5, 8, 9, 7.5], "texture": "#0"},
				"down": {"uv": [8.25, 8.25, 7.75, 8.75], "texture": "#0"}
			}
		},
		{
			"name": "wingtip1",
			"from": [11, 5, 5],
			"to": [24, 5, 14],
			"rotation": {"angle": -22.5, "axis": "z", "origin": [11, 5, 7]},
			"faces": {
				"north": {"uv": [3.25, 0, 0, 0], "texture": "#0"},
				"east": {"uv": [2.25, 0, 0, 0], "texture": "#0"},
				"south": {"uv": [3.25, 0, 0, 0], "texture": "#0"},
				"west": {"uv": [2.25, 0, 0, 0], "texture": "#0"},
				"up": {"uv": [0, 2.25, 3.25, 0], "texture": "#0"},
				"down": {"uv": [0, 0, 3.25, 2.25], "texture": "#0"}
			}
		},
		{
			"from": [11, 4.5, 4],
			"to": [25, 5.5, 5],
			"rotation": {"angle": -22.5, "axis": "z", "origin": [11, 5, 7]},
			"faces": {
				"north": {"uv": [11.25, 1.75, 7.75, 2], "texture": "#0"},
				"east": {"uv": [11.25, 1.75, 11, 2], "texture": "#0"},
				"south": {"uv": [7.75, 1.75, 11.25, 2], "texture": "#0"},
				"west": {"uv": [8, 3.75, 7.75, 4], "texture": "#0"},
				"up": {"uv": [7.75, 2, 11.25, 1.75], "texture": "#0"},
				"down": {"uv": [7.75, 1.75, 11.25, 2], "texture": "#0"}
			}
		},
		{
			"from": [-8, 4.5, 4],
			"to": [6, 5.5, 5],
			"rotation": {"angle": 22.5, "axis": "z", "origin": [6, 5, 8]},
			"faces": {
				"north": {"uv": [7.75, 1.75, 11.25, 2], "texture": "#0"},
				"east": {"uv": [7.75, 3.75, 8, 4], "texture": "#0"},
				"south": {"uv": [11.25, 1.75, 7.75, 2], "texture": "#0"},
				"west": {"uv": [11, 1.75, 11.25, 2], "texture": "#0"},
				"up": {"uv": [11.25, 2, 7.75, 1.75], "texture": "#0"},
				"down": {"uv": [11.25, 1.75, 7.75, 2], "texture": "#0"}
			}
		},
		{
			"name": "wingtip0",
			"from": [-7, 5, 5],
			"to": [6, 5, 14],
			"rotation": {"angle": 22.5, "axis": "z", "origin": [6, 5, 8]},
			"faces": {
				"north": {"uv": [0, 0, 3.25, 0], "texture": "#0"},
				"east": {"uv": [0, 0, 2.25, 0], "texture": "#0"},
				"south": {"uv": [0, 0, 3.25, 0], "texture": "#0"},
				"west": {"uv": [0, 0, 2.25, 0], "texture": "#0"},
				"up": {"uv": [3.25, 2.25, 0, 0], "texture": "#0"},
				"down": {"uv": [3.25, 0, 0, 2.25], "texture": "#0"}
			}
		},
		{
			"name": "head",
			"from": [4.5, 2, -3],
			"to": [12.5, 10, 4],
			"rotation": {"angle": 0, "axis": "y", "origin": [0, -20, 0]},
			"faces": {
				"north": {"uv": [0, 4.5, 2, 6.5], "texture": "#0"},
				"east": {"uv": [4, 4.5, 5.75, 6.5], "texture": "#0"},
				"south": {"uv": [2, 4.5, 4, 6.5], "texture": "#0"},
				"west": {"uv": [5.75, 4.5, 7.5, 6.5], "texture": "#0"},
				"up": {"uv": [2, 8.25, 0, 6.5], "texture": "#0"},
				"down": {"uv": [8.5, 0, 6.5, 1.75], "texture": "#0"}
			}
		},
		{
			"name": "head",
			"from": [6.5, 3, -7],
			"to": [10.5, 5, -3],
			"rotation": {"angle": 0, "axis": "y", "origin": [0, -20, 0]},
			"faces": {
				"north": {"uv": [6.5, 4, 7.5, 4.5], "texture": "#0"},
				"east": {"uv": [3.5, 8.75, 4.5, 9.25], "texture": "#0"},
				"south": {"uv": [3.5, 8.75, 4.5, 9.25], "texture": "#0"},
				"west": {"uv": [3.5, 8.75, 4.5, 9.25], "texture": "#0"},
				"up": {"uv": [5.75, 8.25, 4.75, 7.25], "texture": "#0"},
				"down": {"uv": [6.75, 7.25, 5.75, 8.25], "texture": "#0"}
			}
		},
		{
			"name": "head",
			"from": [6.5, 5, -5],
			"to": [7.5, 6, -4],
			"rotation": {"angle": 0, "axis": "y", "origin": [0, -20, 0]},
			"faces": {
				"north": {"uv": [9.5, 0, 9.75, 0.25], "texture": "#0"},
				"east": {"uv": [9.5, 0, 9.75, 0.25], "texture": "#0"},
				"south": {"uv": [9.5, 0, 9.75, 0.25], "texture": "#0"},
				"west": {"uv": [9.5, 0, 9.75, 0.25], "texture": "#0"},
				"up": {"uv": [9.75, 0.25, 9.5, 0], "texture": "#0"},
				"down": {"uv": [9.75, 0, 9.5, 0.25], "texture": "#0"}
			}
		},
		{
			"name": "head",
			"from": [9.5, 5, -5],
			"to": [10.5, 6, -4],
			"rotation": {"angle": 0, "axis": "y", "origin": [0, -20, 0]},
			"faces": {
				"north": {"uv": [9.5, 0, 9.75, 0.25], "texture": "#0"},
				"east": {"uv": [9.5, 0, 9.75, 0.25], "texture": "#0"},
				"south": {"uv": [9.5, 0, 9.75, 0.25], "texture": "#0"},
				"west": {"uv": [9.5, 0, 9.75, 0.25], "texture": "#0"},
				"up": {"uv": [9.75, 0.25, 9.5, 0], "texture": "#0"},
				"down": {"uv": [9.75, 0, 9.5, 0.25], "texture": "#0"}
			}
		},
		{
			"name": "head",
			"from": [10.5, 10, -1],
			"to": [11.5, 12, 1],
			"rotation": {"angle": 0, "axis": "y", "origin": [0, -20, 0]},
			"faces": {
				"north": {"uv": [8.75, 9, 9, 9.5], "texture": "#0"},
				"east": {"uv": [9.25, 9, 8.75, 9.5], "texture": "#0"},
				"south": {"uv": [9, 9, 9.25, 9.5], "texture": "#0"},
				"west": {"uv": [8.75, 9, 9.25, 9.5], "texture": "#0"},
				"up": {"uv": [8.75, 9.25, 9.25, 9], "rotation": 90, "texture": "#0"},
				"down": {"uv": [0.25, 9.5, 0, 10], "texture": "#0"}
			}
		},
		{
			"name": "head",
			"from": [8, 6, 5],
			"to": [9, 7, 7],
			"rotation": {"angle": 0, "axis": "y", "origin": [0, -20, 0]},
			"faces": {
				"north": {"uv": [8.75, 9, 9, 9.25], "texture": "#0"},
				"east": {"uv": [9.25, 9, 8.75, 9.25], "texture": "#0"},
				"south": {"uv": [9, 9, 9.25, 9.25], "texture": "#0"},
				"west": {"uv": [8.75, 9, 9.25, 9.25], "texture": "#0"},
				"up": {"uv": [8.75, 9.25, 9.25, 9], "rotation": 90, "texture": "#0"},
				"down": {"uv": [0.25, 9.5, 0, 10], "texture": "#0"}
			}
		},
		{
			"name": "head",
			"from": [8, 6, 8],
			"to": [9, 7, 10],
			"rotation": {"angle": 0, "axis": "y", "origin": [0, -20, 0]},
			"faces": {
				"north": {"uv": [8.75, 9, 9, 9.25], "texture": "#0"},
				"east": {"uv": [9.25, 9, 8.75, 9.25], "texture": "#0"},
				"south": {"uv": [9, 9, 9.25, 9.25], "texture": "#0"},
				"west": {"uv": [8.75, 9, 9.25, 9.25], "texture": "#0"},
				"up": {"uv": [8.75, 9.25, 9.25, 9], "rotation": 90, "texture": "#0"},
				"down": {"uv": [0.25, 9.5, 0, 10], "texture": "#0"}
			}
		},
		{
			"name": "head",
			"from": [8, 6, 11],
			"to": [9, 7, 13],
			"rotation": {"angle": 0, "axis": "y", "origin": [0, -20, 0]},
			"faces": {
				"north": {"uv": [8.75, 9, 9, 9.25], "texture": "#0"},
				"east": {"uv": [9.25, 9, 8.75, 9.25], "texture": "#0"},
				"south": {"uv": [9, 9, 9.25, 9.25], "texture": "#0"},
				"west": {"uv": [8.75, 9, 9.25, 9.25], "texture": "#0"},
				"up": {"uv": [8.75, 9.25, 9.25, 9], "rotation": 90, "texture": "#0"},
				"down": {"uv": [0.25, 9.5, 0, 10], "texture": "#0"}
			}
		},
		{
			"name": "head",
			"from": [8, 6, 11],
			"to": [9, 7, 13],
			"rotation": {"angle": 0, "axis": "y", "origin": [0, -20, 0]},
			"faces": {
				"north": {"uv": [8.75, 9, 9, 9.25], "texture": "#0"},
				"east": {"uv": [9.25, 9, 8.75, 9.25], "texture": "#0"},
				"south": {"uv": [9, 9, 9.25, 9.25], "texture": "#0"},
				"west": {"uv": [8.75, 9, 9.25, 9.25], "texture": "#0"},
				"up": {"uv": [8.75, 9.25, 9.25, 9], "rotation": 90, "texture": "#0"},
				"down": {"uv": [0.25, 9.5, 0, 10], "texture": "#0"}
			}
		},
		{
			"name": "head",
			"from": [5.5, 10, -1],
			"to": [6.5, 12, 1],
			"rotation": {"angle": 0, "axis": "y", "origin": [0, -20, 0]},
			"faces": {
				"north": {"uv": [8.75, 9, 9, 9.5], "texture": "#0"},
				"east": {"uv": [9.25, 9, 8.75, 9.5], "texture": "#0"},
				"south": {"uv": [9, 9, 9.25, 9.5], "texture": "#0"},
				"west": {"uv": [8.75, 9, 9.25, 9.5], "texture": "#0"},
				"up": {"uv": [8.75, 9.25, 9.25, 9], "rotation": 90, "texture": "#0"},
				"down": {"uv": [0.25, 9.5, 0, 10], "texture": "#0"}
			}
		},
		{
			"name": "bone",
			"from": [6.5, 2.72241, -4.65367],
			"to": [10.5, 3.72241, -0.65367],
			"rotation": {"angle": -22.5, "axis": "x", "origin": [0, 0, 0]},
			"faces": {
				"north": {"uv": [3.5, 9.25, 4.5, 9.5], "texture": "#0"},
				"east": {"uv": [3.5, 9.25, 4.5, 9.5], "texture": "#0"},
				"south": {"uv": [3.5, 9.25, 4.5, 9.5], "texture": "#0"},
				"west": {"uv": [3.5, 9.25, 4.5, 9.5], "texture": "#0"},
				"up": {"uv": [7.75, 8.25, 6.75, 7.25], "texture": "#0"},
				"down": {"uv": [8.5, 4, 7.5, 5], "texture": "#0"}
			}
		},
		{
			"name": "tail",
			"from": [7, 4, 13],
			"to": [10, 6, 19],
			"rotation": {"angle": 0, "axis": "y", "origin": [0, -20, 0]},
			"faces": {
				"north": {"uv": [8.75, 4.75, 9.5, 5.25], "texture": "#0"},
				"east": {"uv": [7.75, 7, 9.25, 7.5], "texture": "#0"},
				"south": {"uv": [8.75, 5.25, 9.5, 5.75], "texture": "#0"},
				"west": {"uv": [7.75, 7, 9.25, 7.5], "texture": "#0"},
				"up": {"uv": [4, 8.75, 3.25, 7.25], "texture": "#0"},
				"down": {"uv": [4.75, 7.25, 4, 8.75], "texture": "#0"}
			}
		},
		{
			"name": "tailtip",
			"from": [8, 4.5, 19],
			"to": [9, 5.5, 25],
			"rotation": {"angle": 0, "axis": "y", "origin": [0, -20, 0]},
			"faces": {
				"north": {"uv": [1.75, 9.5, 2, 9.75], "texture": "#0"},
				"east": {"uv": [4.5, 8.75, 4.75, 10.25], "rotation": 90, "texture": "#0"},
				"south": {"uv": [4.5, 8.75, 4.75, 9], "texture": "#0"},
				"west": {"uv": [4.5, 8.75, 4.75, 10.25], "rotation": 90, "texture": "#0"},
				"up": {"uv": [4.75, 10.25, 4.5, 8.75], "texture": "#0"},
				"down": {"uv": [4.75, 8.75, 4.5, 10.25], "texture": "#0"}
			}
		}
	],
	"display": {
		"gui": {
			"rotation": [30, 225, 0],
			"translation": [-0.25, 3, 0],
			"scale": [0.6, 0.6, 0.6]
		},
		"head": {
			"translation": [1, -21.5, 2.25],
			"scale": [2.5, 2.5, 2.5]
		}
	},
	"groups": [
		{
			"name": "body",
			"origin": [0, 24, 0],
			"color": 0,
			"children": [
				0,
				{
					"name": "bone2",
					"origin": [0, 0, 0],
					"rotation": [-15, 0, 0],
					"color": 1,
					"children": [1, 2, 3, 4]
				},
				{
					"name": "wing1",
					"origin": [-2, 26, -8],
					"color": 0,
					"children": [5, 6]
				},
				{
					"name": "wing0",
					"origin": [-2, 26, -8],
					"color": 2,
					"children": [7, 8]
				},
				{
					"name": "wing1",
					"origin": [3, 26, -8],
					"color": 4,
					"shade": false,
					"children": [
						{
							"name": "wingtip1",
							"origin": [9, 24, -8],
							"color": 5,
							"shade": false,
							"children": []
						}
					]
				},
				{
					"name": "head",
					"origin": [0, 23, -7],
					"color": 6,
					"children": [
						9,
						10,
						11,
						12,
						13,
						14,
						15,
						16,
						17,
						18,
						{
							"name": "bone",
							"origin": [0, 0, 0],
							"rotation": [-10, 0, 0],
							"color": 8,
							"children": [19]
						}
					]
				},
				{
					"name": "tail",
					"origin": [0, 26, 1],
					"color": 9,
					"children": [
						20,
						{
							"name": "tailtip",
							"origin": [0, 25.5, 7],
							"color": 0,
							"children": [21]
						}
					]
				}
			]
		}
	]
}