{
	"credit": "Made with Blockbench",
	"textures": {
		"0": "custom/entites/demon_eye",
		"particle": "custom/entites/demon_eye"
	},
	"elements": [
		{
			"from": [4, 0, 4],
			"to": [12, 8, 12],
			"faces": {
				"north": {"uv": [4, 4, 8, 8], "texture": "#0"},
				"east": {"uv": [0, 4, 4, 8], "texture": "#0"},
				"south": {"uv": [12, 4, 16, 8], "texture": "#0"},
				"west": {"uv": [8, 4, 12, 8], "texture": "#0"},
				"up": {"uv": [8, 4, 4, 0], "texture": "#0"},
				"down": {"uv": [12, 0, 8, 4], "texture": "#0"}
			}
		},
		{
			"from": [2.17868, 6.96447, 12],
			"to": [2.17868, 14.96447, 20],
			"rotation": {"angle": -45, "axis": "z", "origin": [-3.02132, 0.76447, 0]},
			"faces": {
				"north": {"uv": [16, 48, 16, 64], "texture": "#0"},
				"east": {"uv": [0, 12, 4, 16], "texture": "#0"},
				"south": {"uv": [32, 48, 32, 64], "texture": "#0"},
				"west": {"uv": [4, 12, 0, 16], "texture": "#0"},
				"up": {"uv": [16, 48, 16, 32], "texture": "#0"},
				"down": {"uv": [16, 32, 16, 48], "texture": "#0"}
			}
		},
		{
			"from": [7.42893, 0.35786, 12],
			"to": [7.42893, 8.35786, 20],
			"rotation": {"angle": 45, "axis": "z", "origin": [7.97868, 4.76447, 12]},
			"faces": {
				"north": {"uv": [16, 48, 16, 64], "texture": "#0"},
				"east": {"uv": [0, 12, 4, 16], "texture": "#0"},
				"south": {"uv": [32, 48, 32, 64], "texture": "#0"},
				"west": {"uv": [4, 12, 0, 16], "texture": "#0"},
				"up": {"uv": [16, 48, 16, 32], "texture": "#0"},
				"down": {"uv": [16, 32, 16, 48], "texture": "#0"}
			}
		}
	],
	"display": {
		"head": {
			"rotation": [-90, 0, 0],
			"translation": [1, -21.5, -10],
			"scale": [2.5, 2.5, 2.5]
		}
	}
}