{
	"credit": "Made with Blockbench",
	"texture_size": [64, 64],
	"textures": {
		"0": "custom/cosmetics/hats/dragon_fight",
		"particle": "custom/cosmetics/hats/dragon_fight"
	},
	"elements": [
		{
			"from": [3, 1, 3],
			"to": [12, 9, 12],
			"faces": {
				"north": {"uv": [4.5, 0, 6.75, 2], "texture": "#0"},
				"east": {"uv": [4.5, 0, 6.75, 2], "texture": "#0"},
				"south": {"uv": [4.5, 0, 6.75, 2], "texture": "#0"},
				"west": {"uv": [4.5, 0, 6.75, 2], "texture": "#0"},
				"up": {"uv": [2.25, 5, 0, 2.75], "texture": "#0"},
				"down": {"uv": [4.5, 2.75, 2.25, 5], "texture": "#0"}
			}
		},
		{
			"from": [3, 0, 2],
			"to": [12, 1, 13],
			"faces": {
				"north": {"uv": [11.25, 4.25, 13.5, 4.5], "texture": "#0"},
				"east": {"uv": [13.25, 1.75, 13.5, 4.5], "rotation": 90, "texture": "#0"},
				"south": {"uv": [11.25, 1.75, 13.5, 2], "texture": "#0"},
				"west": {"uv": [11.25, 1.75, 11.5, 4.5], "rotation": 90, "texture": "#0"},
				"up": {"uv": [13.5, 4.5, 11.25, 1.75], "texture": "#0"},
				"down": {"uv": [13.5, 4.75, 11.25, 7.5], "texture": "#0"}
			}
		},
		{
			"from": [0.8, 1.155, 2],
			"to": [2.8, 2.155, 13],
			"rotation": {"angle": -22.5, "axis": "z", "origin": [0, 0, 0]},
			"faces": {
				"north": {"uv": [13.5, 4.25, 14, 4.5], "texture": "#0"},
				"east": {"uv": [13.75, 1.75, 14, 4.5], "rotation": 90, "texture": "#0"},
				"south": {"uv": [13.5, 1.75, 14, 2], "texture": "#0"},
				"west": {"uv": [13.75, 1.75, 14, 4.5], "rotation": 90, "texture": "#0"},
				"up": {"uv": [14, 4.5, 13.5, 1.75], "texture": "#0"},
				"down": {"uv": [14, 1.75, 13.5, 4.5], "texture": "#0"}
			}
		},
		{
			"from": [12.3, 1.53, 2],
			"to": [14.3, 2.53, 13],
			"rotation": {"angle": 22.5, "axis": "z", "origin": [16, 0, 0]},
			"faces": {
				"north": {"uv": [10.75, 4.25, 11.25, 4.5], "texture": "#0"},
				"east": {"uv": [10.75, 1.75, 11, 4.5], "rotation": 90, "texture": "#0"},
				"south": {"uv": [10.75, 1.75, 11.25, 2], "texture": "#0"},
				"west": {"uv": [10.75, 1.75, 11, 4.5], "rotation": 90, "texture": "#0"},
				"up": {"uv": [11.25, 4.5, 10.75, 1.75], "texture": "#0"},
				"down": {"uv": [11.25, 1.75, 10.75, 4.5], "texture": "#0"}
			}
		}
	],
	"gui_light": "front",
	"display": {
		"thirdperson_righthand": {
			"translation": [0, 3, 1],
			"scale": [0.55, 0.55, 0.55]
		},
		"thirdperson_lefthand": {
			"translation": [0, 3, 1],
			"scale": [0.55, 0.55, 0.55]
		},
		"firstperson_righthand": {
			"rotation": [0, -90, 25],
			"translation": [1.13, 3.2, 1.13],
			"scale": [0.68, 0.68, 0.68]
		},
		"firstperson_lefthand": {
			"rotation": [0, -90, 25],
			"translation": [1.13, 3.2, 1.13],
			"scale": [0.68, 0.68, 0.68]
		},
		"ground": {
			"translation": [0, 2, 0],
			"scale": [0.5, 0.5, 0.5]
		},
		"gui": {
			"rotation": [23.49, -27.23, 11.26],
			"translation": [-1, 3, 0]
		},
		"head": {
			"rotation": [0, 180, 0],
			"translation": [-0.75, 13.5, -1.009],
			"scale": [1.55, 1.55, 1.55]
		},
		"fixed": {
			"rotation": [0, 180, 0]
		}
	}
}