{
  "format_version": "1.10.0",
  "animation_controllers": {
    "controller.animation.villager.general": {
      "states": {
        "default": {
          "animations": [
            "general",
            { "look_at_target": "!query.is_sleeping" }
          ]
        }
      }
    },
    "controller.animation.villager.move": {
      "states": {
        "default": {
          "animations": [
            { "move": "query.modified_move_speed" }
          ]
        }
      }
    },
    "controller.animation.villager.baby": {
      "states": {
        "baby": {
          "animations": [
            { "baby_transform": "query.is_baby" }
          ]
        }
      }
    },
    "controller.animation.villager.holding": {
      "states": {
        "default": {
          "animations": [
            { "holding": "query.is_holding" }
          ]
        }
      }
    }
  }
} 