{
  "format_version": "1.8.0",
  "minecraft:client_entity": {
    "description": {
      "identifier": "realm:eyeball",
      "materials": {
        "default": "phantom",
        "invisible": "phantom_invisible"
      },
      "textures": {
        "default": "textures/entity/demon_eye"
      },
      "geometry": {
        "default": "geometry.eye"
      },
      "scripts": {
        "pre_animation": [
          "variable.wingRotZ = 16.0 * Math.sin((variable.RuntimeID * 3 + query.life_time * 20.0) * 7.448454);",
          "variable.tailRotX = -5.0 * Math.sin((variable.RuntimeID * 3 + query.life_time * 20.0) * 14.896908) - 5.0;"
        ]
      },
      "animations": {
        "phantom_base_pose": "animation.phantom.base_pose",
        "move": "animation.phantom.move"
      },
      "animation_controllers": [
        { "phantom_base_pose": "controller.animation.phantom.base_pose" },
        { "move": "controller.animation.phantom.move" }
      ],
      "particle_effects": {
        "wing_dust": "minecraft:dragon_breath_trail"
      },
      "render_controllers": [ "controller.render.phantom" ],
	  "spawn_egg": {
        "base_color": "#e6e6e6",
        "overlay_color": "#202371"
      }
    }
  }
}