{
  "format_version": "1.8.0",
  "minecraft:client_entity": {
    "description": {
      "identifier": "realm:orbstat",
      "materials": {
        "body": "blaze_head", // this is backwards because the code had it backwards in the old rendering system.  :(
        "head": "blaze_body"
      },
      "textures": {
        "default": "textures/entity/boss/orbsmall"
      },
      "geometry": {
        "default": "geometry.orbstat"
      },
      "animations": {
        "look_at_target": "animation.common.look_at_target",
        "move": "animation.blaze.move"
      },
      "particle_effects": {
        "charged_flames": "minecraft:mobflame_emitter"
      },
      "animation_controllers": [
        { "move": "controller.animation.blaze.move" },
        { "flame": "controller.animation.blaze.flame" }
      ],
      "render_controllers": [ "controller.render.blaze" ],
      "spawn_egg": {
        "texture": "spawn_egg",
        "texture_index": 21
      }
    }
  }
}