{
  "format_version": "1.8.0",
  "minecraft:client_entity": {
    "description": {
      "identifier": "realm:witch",
      "materials": {
        "default": "witch"
      },
      "textures": {
        "default": "textures/entity/witch"
      },
      "geometry": {
        "default": "geometry.witch"
      },
      "scripts": {
        "scale": "0.9375"
      },
      "animations": {
        "holding": "animation.humanoid.holding.v1.0",
        "general": "animation.humanoid.bob.v1.0",
        "look_at_target": "animation.common.look_at_target",
        "move": "animation.villager.move",
        "raise_arms": "animation.villager.raise_arms",
        "baby_transform": "animation.villager.baby_transform",
        "get_in_bed": "animation.villager.get_in_bed",
        "held_item": "animation.villager.held_item"
      },
      "animation_controllers": [
        { "holding": "controller.animation.humanoid.holding" },
        { "general": "controller.animation.villager_v2.general" },
        { "move": "controller.animation.villager_v2.move" },
        { "raise_arms": "controller.animation.villager_v2.raise_arms" },
        { "baby": "controller.animation.villager_v2.baby" },
        { "held_item": "controller.animation.villager_v2.held_item" }
      ],
      "render_controllers": [ "controller.render.pillager" ],
      "spawn_egg": {
        "texture": "spawn_egg",
        "texture_index": 17
      }
    }
  }
}