{
	"credit": "Made with Blockbench",
	"textures": {
		"1": "custom/item/sets/omega/sword",
		"particle": "custom/item/sets/omega/sword"
	},
	"elements": [
		{
			"name": "sword_0",
			"from": [16, 16, 7.5],
			"to": [18, 18, 8.5],
			"faces": {
				"north": {"uv": [8, 8, 9, 7], "rotation": 180, "texture": "#1"},
				"east": {"uv": [8.5, 7, 9, 8], "texture": "#1"},
				"south": {"uv": [8, 7, 9, 8], "texture": "#1"},
				"west": {"uv": [8, 7, 8.5, 8], "texture": "#1"},
				"up": {"uv": [9, 7, 8, 7.5], "rotation": 180, "texture": "#1"},
				"down": {"uv": [8, 7.5, 9, 8], "texture": "#1"}
			}
		},
		{
			"name": "sword_3",
			"from": [16, 15, 7.5],
			"to": [17, 16, 8.5],
			"faces": {
				"north": {"uv": [8, 8, 8.5, 8.5], "rotation": 180, "texture": "#1"},
				"east": {"uv": [8, 8, 8.5, 8.5], "texture": "#1"},
				"south": {"uv": [8, 8, 8.5, 8.5], "texture": "#1"},
				"west": {"uv": [8, 8, 8.5, 8.5], "texture": "#1"},
				"up": {"uv": [8, 8, 8.5, 8.5], "rotation": 180, "texture": "#1"},
				"down": {"uv": [8, 8, 8.5, 8.5], "texture": "#1"}
			}
		},
		{
			"name": "sword_9",
			"from": [8, 6, 7.5],
			"to": [9, 10, 8.5],
			"faces": {
				"north": {"uv": [4, 13, 4.5, 11], "rotation": 180, "texture": "#1"},
				"east": {"uv": [4, 11, 4.5, 13], "texture": "#1"},
				"south": {"uv": [4, 11, 4.5, 13], "texture": "#1"},
				"west": {"uv": [4, 11, 4.5, 13], "texture": "#1"},
				"up": {"uv": [4, 11, 4.5, 11.5], "rotation": 180, "texture": "#1"},
				"down": {"uv": [4, 12.5, 4.5, 13], "texture": "#1"}
			}
		},
		{
			"name": "sword_10",
			"from": [6, 5, 7.5],
			"to": [8, 9, 8.5],
			"faces": {
				"north": {"uv": [3, 13.5, 4, 11.5], "rotation": 180, "texture": "#1"},
				"east": {"uv": [3.5, 11.5, 4, 13.5], "texture": "#1"},
				"south": {"uv": [3, 11.5, 4, 13.5], "texture": "#1"},
				"west": {"uv": [3, 11.5, 3.5, 13.5], "texture": "#1"},
				"up": {"uv": [4, 11.5, 3, 12], "rotation": 180, "texture": "#1"},
				"down": {"uv": [3, 13, 4, 13.5], "texture": "#1"}
			}
		},
		{
			"name": "sword_11",
			"from": [2, 7, 7.5],
			"to": [4, 8, 8.5],
			"faces": {
				"north": {"uv": [1, 12, 2, 12.5], "rotation": 180, "texture": "#1"},
				"east": {"uv": [1, 12, 2, 12.5], "texture": "#1"},
				"south": {"uv": [1, 12, 2, 12.5], "texture": "#1"},
				"west": {"uv": [1, 12, 2, 12.5], "texture": "#1"},
				"up": {"uv": [1, 12, 2, 12.5], "rotation": 180, "texture": "#1"},
				"down": {"uv": [1, 12, 2, 12.5], "texture": "#1"}
			}
		},
		{
			"name": "sword_12",
			"from": [5, 4, 7.5],
			"to": [6, 8, 8.5],
			"faces": {
				"north": {"uv": [2.5, 14, 3, 12], "rotation": 180, "texture": "#1"},
				"east": {"uv": [2.5, 12, 3, 14], "texture": "#1"},
				"south": {"uv": [2.5, 12, 3, 14], "texture": "#1"},
				"west": {"uv": [2.5, 12, 3, 14], "texture": "#1"},
				"up": {"uv": [2.5, 12, 3, 12.5], "rotation": 180, "texture": "#1"},
				"down": {"uv": [2.5, 13.5, 3, 14], "texture": "#1"}
			}
		},
		{
			"name": "sword_13",
			"from": [3, 6, 7.5],
			"to": [5, 7, 8.5],
			"faces": {
				"north": {"uv": [1.5, 12.5, 2.5, 13], "rotation": 180, "texture": "#1"},
				"east": {"uv": [2, 12.5, 2.5, 13], "texture": "#1"},
				"south": {"uv": [1.5, 12.5, 2.5, 13], "texture": "#1"},
				"west": {"uv": [1.5, 12.5, 2, 13], "texture": "#1"},
				"up": {"uv": [2.5, 12.5, 1.5, 13], "rotation": 180, "texture": "#1"},
				"down": {"uv": [1.5, 12.5, 2.5, 13], "texture": "#1"}
			}
		},
		{
			"name": "sword_14",
			"from": [4, 3, 7.5],
			"to": [5, 6, 8.5],
			"faces": {
				"north": {"uv": [2, 14.5, 2.5, 13], "rotation": 180, "texture": "#1"},
				"east": {"uv": [2, 13, 2.5, 14.5], "texture": "#1"},
				"south": {"uv": [2, 13, 2.5, 14.5], "texture": "#1"},
				"west": {"uv": [2, 13, 2.5, 14.5], "texture": "#1"},
				"up": {"uv": [2, 13, 2.5, 13.5], "rotation": 180, "texture": "#1"},
				"down": {"uv": [2, 14, 2.5, 14.5], "texture": "#1"}
			}
		},
		{
			"name": "sword_15",
			"from": [3, 2, 7.5],
			"to": [4, 5, 8.5],
			"faces": {
				"north": {"uv": [1.5, 15, 2, 13.5], "rotation": 180, "texture": "#1"},
				"east": {"uv": [1.5, 13.5, 2, 15], "texture": "#1"},
				"south": {"uv": [1.5, 13.5, 2, 15], "texture": "#1"},
				"west": {"uv": [1.5, 13.5, 2, 15], "texture": "#1"},
				"up": {"uv": [1.5, 13.5, 2, 14], "rotation": 180, "texture": "#1"},
				"down": {"uv": [1.5, 14.5, 2, 15], "texture": "#1"}
			}
		},
		{
			"name": "sword_16",
			"from": [9, 8, 7.5],
			"to": [10, 11, 8.5],
			"faces": {
				"north": {"uv": [4.5, 12, 5, 10.5], "rotation": 180, "texture": "#1"},
				"east": {"uv": [4.5, 10.5, 5, 12], "texture": "#1"},
				"south": {"uv": [4.5, 10.5, 5, 12], "texture": "#1"},
				"west": {"uv": [4.5, 10.5, 5, 12], "texture": "#1"},
				"up": {"uv": [4.5, 10.5, 5, 11], "rotation": 180, "texture": "#1"},
				"down": {"uv": [4.5, 11.5, 5, 12], "texture": "#1"}
			}
		},
		{
			"name": "sword_17",
			"from": [10, 9, 7.5],
			"to": [11, 12, 8.5],
			"faces": {
				"north": {"uv": [5, 11.5, 5.5, 10], "rotation": 180, "texture": "#1"},
				"east": {"uv": [5, 10, 5.5, 11.5], "texture": "#1"},
				"south": {"uv": [5, 10, 5.5, 11.5], "texture": "#1"},
				"west": {"uv": [5, 10, 5.5, 11.5], "texture": "#1"},
				"up": {"uv": [5, 10, 5.5, 10.5], "rotation": 180, "texture": "#1"},
				"down": {"uv": [5, 11, 5.5, 11.5], "texture": "#1"}
			}
		},
		{
			"name": "sword_18",
			"from": [11, 10, 7.5],
			"to": [12, 13, 8.5],
			"faces": {
				"north": {"uv": [5.5, 11, 6, 9.5], "rotation": 180, "texture": "#1"},
				"east": {"uv": [5.5, 9.5, 6, 11], "texture": "#1"},
				"south": {"uv": [5.5, 9.5, 6, 11], "texture": "#1"},
				"west": {"uv": [5.5, 9.5, 6, 11], "texture": "#1"},
				"up": {"uv": [5.5, 9.5, 6, 10], "rotation": 180, "texture": "#1"},
				"down": {"uv": [5.5, 10.5, 6, 11], "texture": "#1"}
			}
		},
		{
			"name": "sword_19",
			"from": [12, 11, 7.5],
			"to": [13, 14, 8.5],
			"faces": {
				"north": {"uv": [6, 10.5, 6.5, 9], "rotation": 180, "texture": "#1"},
				"east": {"uv": [6, 9, 6.5, 10.5], "texture": "#1"},
				"south": {"uv": [6, 9, 6.5, 10.5], "texture": "#1"},
				"west": {"uv": [6, 9, 6.5, 10.5], "texture": "#1"},
				"up": {"uv": [6, 9, 6.5, 9.5], "rotation": 180, "texture": "#1"},
				"down": {"uv": [6, 10, 6.5, 10.5], "texture": "#1"}
			}
		},
		{
			"name": "sword_20",
			"from": [13, 12, 7.5],
			"to": [14, 15, 8.5],
			"faces": {
				"north": {"uv": [6.5, 10, 7, 8.5], "rotation": 180, "texture": "#1"},
				"east": {"uv": [6.5, 8.5, 7, 10], "texture": "#1"},
				"south": {"uv": [6.5, 8.5, 7, 10], "texture": "#1"},
				"west": {"uv": [6.5, 8.5, 7, 10], "texture": "#1"},
				"up": {"uv": [6.5, 8.5, 7, 9], "rotation": 180, "texture": "#1"},
				"down": {"uv": [6.5, 9.5, 7, 10], "texture": "#1"}
			}
		},
		{
			"name": "sword_21",
			"from": [14, 13, 7.5],
			"to": [15, 16, 8.5],
			"faces": {
				"north": {"uv": [7, 9.5, 7.5, 8], "rotation": 180, "texture": "#1"},
				"east": {"uv": [7, 8, 7.5, 9.5], "texture": "#1"},
				"south": {"uv": [7, 8, 7.5, 9.5], "texture": "#1"},
				"west": {"uv": [7, 8, 7.5, 9.5], "texture": "#1"},
				"up": {"uv": [7, 8, 7.5, 8.5], "rotation": 180, "texture": "#1"},
				"down": {"uv": [7, 9, 7.5, 9.5], "texture": "#1"}
			}
		},
		{
			"name": "sword_22",
			"from": [15, 14, 7.5],
			"to": [16, 17, 8.5],
			"faces": {
				"north": {"uv": [7.5, 9, 8, 7.5], "rotation": 180, "texture": "#1"},
				"east": {"uv": [7.5, 7.5, 8, 9], "texture": "#1"},
				"south": {"uv": [7.5, 7.5, 8, 9], "texture": "#1"},
				"west": {"uv": [7.5, 7.5, 8, 9], "texture": "#1"},
				"up": {"uv": [7.5, 7.5, 8, 8], "rotation": 180, "texture": "#1"},
				"down": {"uv": [7.5, 8.5, 8, 9], "texture": "#1"}
			}
		},
		{
			"name": "sword_16",
			"from": [6, 3, 7.5],
			"to": [7, 5, 8.5],
			"faces": {
				"north": {"uv": [3, 14.5, 3.5, 13.5], "rotation": 180, "texture": "#1"},
				"east": {"uv": [3, 13.5, 3.5, 14.5], "texture": "#1"},
				"south": {"uv": [3, 13.5, 3.5, 14.5], "texture": "#1"},
				"west": {"uv": [3, 13.5, 3.5, 14.5], "texture": "#1"},
				"up": {"uv": [3, 13.5, 3.5, 14], "rotation": 180, "texture": "#1"},
				"down": {"uv": [3, 14, 3.5, 14.5], "texture": "#1"}
			}
		},
		{
			"name": "sword_17",
			"from": [7, 2, 7.5],
			"to": [8, 4, 8.5],
			"faces": {
				"north": {"uv": [3.5, 15, 4, 14], "rotation": 180, "texture": "#1"},
				"east": {"uv": [3.5, 14, 4, 15], "texture": "#1"},
				"south": {"uv": [3.5, 14, 4, 15], "texture": "#1"},
				"west": {"uv": [3.5, 14, 4, 15], "texture": "#1"},
				"up": {"uv": [3.5, 14, 4, 14.5], "rotation": 180, "texture": "#1"},
				"down": {"uv": [3.5, 14.5, 4, 15], "texture": "#1"}
			}
		},
		{
			"name": "sword_17",
			"from": [2, 1, 7.5],
			"to": [3, 4, 8.5],
			"faces": {
				"north": {"uv": [1, 15.5, 1.5, 14], "rotation": 180, "texture": "#1"},
				"east": {"uv": [1, 14, 1.5, 15.5], "texture": "#1"},
				"south": {"uv": [1, 14, 1.5, 15.5], "texture": "#1"},
				"west": {"uv": [1, 14, 1.5, 15.5], "texture": "#1"},
				"up": {"uv": [1, 14, 1.5, 14.5], "rotation": 180, "texture": "#1"},
				"down": {"uv": [1, 15, 1.5, 15.5], "texture": "#1"}
			}
		},
		{
			"name": "sword_19",
			"from": [1, 0, 7.5],
			"to": [2, 3, 8.5],
			"faces": {
				"north": {"uv": [0.5, 16, 1, 14.5], "rotation": 180, "texture": "#1"},
				"east": {"uv": [0.5, 14.5, 1, 16], "texture": "#1"},
				"south": {"uv": [0.5, 14.5, 1, 16], "texture": "#1"},
				"west": {"uv": [0.5, 14.5, 1, 16], "texture": "#1"},
				"up": {"uv": [0.5, 14.5, 1, 15], "rotation": 180, "texture": "#1"},
				"down": {"uv": [0.5, 15.5, 1, 16], "texture": "#1"}
			}
		},
		{
			"name": "sword_20",
			"from": [0, 0, 7.5],
			"to": [1, 2, 8.5],
			"faces": {
				"north": {"uv": [0, 16, 0.5, 15], "rotation": 180, "texture": "#1"},
				"east": {"uv": [0, 15, 0.5, 16], "texture": "#1"},
				"south": {"uv": [0, 15, 0.5, 16], "texture": "#1"},
				"west": {"uv": [0, 15, 0.5, 16], "texture": "#1"},
				"up": {"uv": [0, 15, 0.5, 15.5], "rotation": 180, "texture": "#1"},
				"down": {"uv": [0, 15.5, 0.5, 16], "texture": "#1"}
			}
		}
	],
	"gui_light": "front",
	"display": {
		"thirdperson_righthand": {
			"rotation": [0, -90, 55],
			"translation": [0, 4, 0.5],
			"scale": [0.85, 0.85, 0.85]
		},
		"thirdperson_lefthand": {
			"rotation": [0, 90, -55],
			"translation": [0, 4, 0.5],
			"scale": [0.85, 0.85, 0.85]
		},
		"firstperson_righthand": {
			"rotation": [0, -90, 25],
			"translation": [1.13, 3.2, 1.13],
			"scale": [0.68, 0.68, 0.68]
		},
		"firstperson_lefthand": {
			"rotation": [0, 90, -25],
			"translation": [1.13, 3.2, 1.13],
			"scale": [0.68, 0.68, 0.68]
		},
		"ground": {
			"translation": [0, 2, 0],
			"scale": [0.5, 0.5, 0.5]
		},
		"gui": {
			"translation": [-0.9, -0.9, 0],
			"scale": [0.88, 0.88, 0.88]
		}
	},
	"groups": [
		{
			"name": "sword",
			"origin": [8, 8, 8],
			"color": 0,
			"children": [0, 1, 2, 3, 4, 5, 6, 7, 8, 9, 10, 11, 12, 13, 14, 15, 16, 17, 18, 19, 20]
		}
	]
}