{
	"credit": "Made with Blockbench",
	"texture_size": [32, 32],
	"textures": {
		"0": "custom/decor/random/landmine",
		"particle": "custom/decor/random/landmine"
	},
	"elements": [
		{
			"from": [2, 0, 2],
			"to": [14, 2, 14],
			"faces": {
				"north": {"uv": [6, 6, 12, 7], "texture": "#0"},
				"east": {"uv": [6, 7, 12, 8], "texture": "#0"},
				"south": {"uv": [6, 8, 12, 9], "texture": "#0"},
				"west": {"uv": [9, 0, 15, 1], "texture": "#0"},
				"up": {"uv": [6, 6, 0, 0], "texture": "#0"},
				"down": {"uv": [6, 6, 0, 12], "texture": "#0"}
			}
		},
		{
			"from": [5, 2, 5],
			"to": [11, 3, 11],
			"faces": {
				"north": {"uv": [9, 1, 12, 1.5], "texture": "#0"},
				"east": {"uv": [9, 1.5, 12, 2], "texture": "#0"},
				"south": {"uv": [9, 2, 12, 2.5], "texture": "#0"},
				"west": {"uv": [9, 2.5, 12, 3], "texture": "#0"},
				"up": {"uv": [9, 3, 6, 0], "texture": "#0"},
				"down": {"uv": [9, 3, 6, 6], "texture": "#0"}
			}
		}
	],
	"display": {
		"thirdperson_righthand": {
			"rotation": [24.5, 28.25, 0],
			"translation": [0, 2.25, 0.25],
			"scale": [0.5, 0.5, 0.5]
		},
		"thirdperson_lefthand": {
			"rotation": [24.5, 28.25, 0],
			"translation": [0, 2.25, 0.25],
			"scale": [0.5, 0.5, 0.5]
		},
		"firstperson_righthand": {
			"rotation": [13.75, -24, 0],
			"translation": [-0.5, 6.5, 2.25],
			"scale": [0.5, 0.5, 0.5]
		},
		"firstperson_lefthand": {
			"rotation": [13.75, -24, 0],
			"translation": [-0.5, 6.5, 2.25],
			"scale": [0.5, 0.5, 0.5]
		},
		"ground": {
			"translation": [0, 3.25, 0],
			"scale": [0.5, 0.5, 0.5]
		},
		"gui": {
			"rotation": [33, -30.75, 0],
			"translation": [0, 5.25, 0]
		},
		"head": {
			"translation": [0, -15.5, 0],
			"scale": [2, 2, 2]
		},
		"fixed": {
			"rotation": [-90, 0, 0],
			"translation": [0, 0, -16],
			"scale": [2, 2, 2]
		}
	},
	"groups": [
		{
			"name": "group",
			"origin": [0, 0, 0],
			"color": 0,
			"children": [0, 1]
		}
	]
}