{
  "format_version": "1.8.0",
  "minecraft:client_entity": {
    "description": {
      "identifier": "realm:eyeball1",
      "materials": { "default": "vindicator" },
      "textures": { "default": "textures/entity/demon_eye" },
      "geometry": { "default": "geometry.eye" },
      "scripts": {
        "pre_animation": [
          "variable.attack = Math.sin(1.0 - (1.0 - variable.attack_time) * (1.0 - variable.attack_time)) * 180.0;",
          "variable.attack2 = Math.sin(variable.attack_time * 180.0);"
        ],
        "scale": "1"
      },
      "animations": {
        "look_at_target_default": "animation.humanoid.look_at_target.default",
        "look_at_target_gliding": "animation.humanoid.look_at_target.gliding",
        "look_at_target_swimming": "animation.humanoid.look_at_target.swimming",
        "riding.arms": "animation.vindicator.riding.arms",
        "riding.legs": "animation.vindicator.riding.legs",
        "vindicator_base": "animation.vindicator.base",
        "vindicator_attack": "animation.swordsman.attack",
        "vindicator_walk": "animation.vindicator.walk"
      },
      "animation_controllers": [
        { "look_at_target": "controller.animation.humanoid.look_at_target" },
        { "vindicator_base": "controller.animation.vindicator.base" },
        { "riding": "controller.animation.humanoid.riding" }
      ],
      "render_controllers": [ "controller.render.vindicator" ],
      "enable_attachables": true,
	  "spawn_egg": {
        "base_color": "#e6e6e6",
        "overlay_color": "#202371"
      }
    }
  }
}