{
	"credit": "Made with Blockbench",
	"textures": {
		"0": "custom/decor/pebbles/rock1",
		"particle": "custom/decor/pebbles/rock1"
	},
	"elements": [
		{
			"from": [4, 0, 4],
			"to": [7, 1, 9],
			"rotation": {"angle": -45, "axis": "y", "origin": [12, 8, 12]},
			"faces": {
				"north": {"uv": [4, 14.5, 5.5, 15], "texture": "#0"},
				"east": {"uv": [5, 14.5, 7.5, 15], "texture": "#0"},
				"south": {"uv": [6, 14.5, 7.5, 15], "texture": "#0"},
				"west": {"uv": [2, 14.5, 4.5, 15], "texture": "#0"},
				"up": {"uv": [3.5, 13.5, 5, 16], "texture": "#0"},
				"down": {"uv": [0, 0, 3, 5], "texture": "#missing"}
			}
		},
		{
			"from": [4, 0, 15],
			"to": [7, 3, 18],
			"rotation": {"angle": -45, "axis": "y", "origin": [12, 8, 21]},
			"faces": {
				"north": {"uv": [8.5, 13.5, 10, 15], "texture": "#0"},
				"east": {"uv": [8, 14.5, 9.5, 16], "texture": "#0"},
				"south": {"uv": [3.5, 14.5, 5, 16], "texture": "#0"},
				"west": {"uv": [0, 13, 1.5, 14.5], "texture": "#0"},
				"up": {"uv": [2.5, 11, 4, 12.5], "texture": "#0"},
				"down": {"uv": [0, 0, 3, 3], "texture": "#0"}
			}
		},
		{
			"from": [-1, 1.2, 9],
			"to": [2, 3.2, 12],
			"rotation": {"angle": 22.5, "axis": "z", "origin": [7, 9.2, 17]},
			"faces": {
				"north": {"uv": [0.5, 13, 2, 14], "texture": "#0"},
				"east": {"uv": [8, 15, 9.5, 16], "texture": "#0"},
				"south": {"uv": [7.5, 13.5, 9, 14.5], "texture": "#0"},
				"west": {"uv": [3, 13, 4.5, 14], "texture": "#0"},
				"up": {"uv": [3.5, 11.5, 5, 13], "texture": "#0"},
				"down": {"uv": [0, 0, 3, 3], "texture": "#0"}
			}
		},
		{
			"from": [13, 0, 3],
			"to": [15, 1, 5],
			"rotation": {"angle": 22.5, "axis": "y", "origin": [21, 8, 11]},
			"faces": {
				"north": {"uv": [5.5, 14.5, 6.5, 15], "texture": "#0"},
				"east": {"uv": [8, 14, 9, 14.5], "texture": "#0"},
				"south": {"uv": [4, 14.5, 5, 15], "texture": "#0"},
				"west": {"uv": [4, 14.5, 5, 15], "texture": "#0"},
				"up": {"uv": [7, 13.5, 8, 14.5], "texture": "#0"},
				"down": {"uv": [0, 0, 2, 2], "texture": "#0"}
			}
		},
		{
			"from": [1, 0, 6],
			"to": [3, 1, 8],
			"rotation": {"angle": 0, "axis": "y", "origin": [9, 8, 14]},
			"faces": {
				"north": {"uv": [5.5, 14.5, 6.5, 15], "texture": "#0"},
				"east": {"uv": [8, 14, 9, 14.5], "texture": "#0"},
				"south": {"uv": [6.5, 14, 7.5, 14.5], "texture": "#0"},
				"west": {"uv": [4, 14.5, 5, 15], "texture": "#0"},
				"up": {"uv": [2.5, 13.5, 3.5, 14.5], "texture": "#0"},
				"down": {"uv": [0, 0, 2, 2], "texture": "#0"}
			}
		}
	],
	"display": {
		"gui": {
			"rotation": [42.5, -55.25, 5],
			"translation": [-1.25, 5, 0]
		},
		"fixed": {
			"rotation": [-90, 0, 0],
			"translation": [0, 0, -15.5],
			"scale": [2, 2, 2]
		}
	}
}