{
	"credit": "Made with Blockbench",
	"textures": {
		"1": "custom/item/sets/midnight/pickaxe",
		"2": "custom/item/sets/midnight/flame",
		"particle": "custom/item/sets/midnight/pickaxe"
	},
	"elements": [
		{
			"from": [3.1, -3.1, 7.5],
			"to": [19.1, 12.9, 7.5],
			"rotation": {"angle": 45, "axis": "z", "origin": [1, 1, 0]},
			"faces": {
				"north": {"uv": [0, 0, 16, 16], "rotation": 180, "texture": "#2"},
				"east": {"uv": [0, 0, 0, 16], "texture": "#missing"},
				"south": {"uv": [0, 16, 16, 0], "texture": "#2"},
				"west": {"uv": [0, 0, 0, 16], "texture": "#missing"},
				"up": {"uv": [0, 0, 16, 0], "texture": "#missing"},
				"down": {"uv": [0, 0, 16, 0], "texture": "#missing"}
			}
		},
		{
			"from": [2.9, 13, 7.5],
			"to": [18.9, 29, 7.5],
			"rotation": {"angle": -45, "axis": "z", "origin": [1, 17, 0]},
			"faces": {
				"north": {"uv": [0, 0, 16, 16], "rotation": 180, "texture": "#2"},
				"east": {"uv": [0, 0, 16, 0], "rotation": 270, "texture": "#missing"},
				"south": {"uv": [16, 0, 0, 16], "rotation": 180, "texture": "#2"},
				"west": {"uv": [0, 0, 16, 0], "rotation": 270, "texture": "#missing"},
				"up": {"uv": [0, 16, 0, 0], "rotation": 270, "texture": "#missing"},
				"down": {"uv": [0, 16, 0, 0], "rotation": 270, "texture": "#missing"}
			}
		},
		{
			"name": "pickaxe_0",
			"from": [5, 11, 7],
			"to": [8, 14, 8],
			"rotation": {"angle": 0, "axis": "y", "origin": [1, 1, 0]},
			"faces": {
				"north": {"uv": [6, 5, 9, 2], "rotation": 180, "texture": "#1"},
				"east": {"uv": [8, 2, 9, 5], "texture": "#1"},
				"south": {"uv": [6, 2, 9, 5], "texture": "#1"},
				"west": {"uv": [6, 2, 7, 5], "texture": "#1"},
				"up": {"uv": [9, 2, 6, 3], "rotation": 180, "texture": "#1"},
				"down": {"uv": [6, 4, 9, 5], "texture": "#1"}
			}
		},
		{
			"name": "pickaxe_1",
			"from": [4, 12, 7],
			"to": [5, 13, 8],
			"rotation": {"angle": 0, "axis": "y", "origin": [1, 1, 0]},
			"faces": {
				"north": {"uv": [5, 4, 6, 3], "rotation": 180, "texture": "#1"},
				"east": {"uv": [5, 3, 6, 4], "texture": "#1"},
				"south": {"uv": [5, 3, 6, 4], "texture": "#1"},
				"west": {"uv": [5, 3, 6, 4], "texture": "#1"},
				"up": {"uv": [6, 3, 5, 4], "rotation": 180, "texture": "#1"},
				"down": {"uv": [5, 3, 6, 4], "texture": "#1"}
			}
		},
		{
			"name": "pickaxe_2",
			"from": [8, 11, 7],
			"to": [13, 13, 8],
			"rotation": {"angle": 0, "axis": "y", "origin": [1, 1, 0]},
			"faces": {
				"north": {"uv": [9, 5, 14, 3], "rotation": 180, "texture": "#1"},
				"east": {"uv": [13, 3, 14, 5], "texture": "#1"},
				"south": {"uv": [9, 3, 14, 5], "texture": "#1"},
				"west": {"uv": [9, 3, 10, 5], "texture": "#1"},
				"up": {"uv": [14, 3, 9, 4], "rotation": 180, "texture": "#1"},
				"down": {"uv": [9, 4, 14, 5], "texture": "#1"}
			}
		},
		{
			"name": "pickaxe_3",
			"from": [9, 9, 7],
			"to": [13, 11, 8],
			"rotation": {"angle": 0, "axis": "y", "origin": [1, 1, 0]},
			"faces": {
				"north": {"uv": [10, 7, 14, 5], "rotation": 180, "texture": "#1"},
				"east": {"uv": [13, 5, 14, 7], "texture": "#1"},
				"south": {"uv": [10, 5, 14, 7], "texture": "#1"},
				"west": {"uv": [10, 5, 11, 7], "texture": "#1"},
				"up": {"uv": [14, 5, 10, 6], "rotation": 180, "texture": "#1"},
				"down": {"uv": [10, 6, 14, 7], "texture": "#1"}
			}
		},
		{
			"name": "pickaxe_4",
			"from": [8, 7, 7],
			"to": [9, 10, 8],
			"rotation": {"angle": 0, "axis": "y", "origin": [1, 1, 0]},
			"faces": {
				"north": {"uv": [9, 9, 10, 6], "rotation": 180, "texture": "#1"},
				"east": {"uv": [9, 6, 10, 9], "texture": "#1"},
				"south": {"uv": [9, 6, 10, 9], "texture": "#1"},
				"west": {"uv": [9, 6, 10, 9], "texture": "#1"},
				"up": {"uv": [10, 6, 9, 7], "rotation": 180, "texture": "#1"},
				"down": {"uv": [9, 8, 10, 9], "texture": "#1"}
			}
		},
		{
			"name": "pickaxe_5",
			"from": [7, 6, 7],
			"to": [8, 9, 8],
			"rotation": {"angle": 0, "axis": "y", "origin": [1, 1, 0]},
			"faces": {
				"north": {"uv": [8, 10, 9, 7], "rotation": 180, "texture": "#1"},
				"east": {"uv": [8, 7, 9, 10], "texture": "#1"},
				"south": {"uv": [8, 7, 9, 10], "texture": "#1"},
				"west": {"uv": [8, 7, 9, 10], "texture": "#1"},
				"up": {"uv": [9, 7, 8, 8], "rotation": 180, "texture": "#1"},
				"down": {"uv": [8, 9, 9, 10], "texture": "#1"}
			}
		},
		{
			"name": "pickaxe_6",
			"from": [9, 8, 7],
			"to": [10, 9, 8],
			"rotation": {"angle": 0, "axis": "y", "origin": [1, 1, 0]},
			"faces": {
				"north": {"uv": [10, 8, 11, 7], "rotation": 180, "texture": "#1"},
				"east": {"uv": [10, 7, 11, 8], "texture": "#1"},
				"south": {"uv": [10, 7, 11, 8], "texture": "#1"},
				"west": {"uv": [10, 7, 11, 8], "texture": "#1"},
				"up": {"uv": [11, 7, 10, 8], "rotation": 180, "texture": "#1"},
				"down": {"uv": [10, 7, 11, 8], "texture": "#1"}
			}
		},
		{
			"name": "pickaxe_7",
			"from": [11, 5, 7],
			"to": [13, 9, 8],
			"rotation": {"angle": 0, "axis": "y", "origin": [1, 1, 0]},
			"faces": {
				"north": {"uv": [12, 11, 14, 7], "rotation": 180, "texture": "#1"},
				"east": {"uv": [13, 7, 14, 11], "texture": "#1"},
				"south": {"uv": [12, 7, 14, 11], "texture": "#1"},
				"west": {"uv": [12, 7, 13, 11], "texture": "#1"},
				"up": {"uv": [14, 7, 12, 8], "rotation": 180, "texture": "#1"},
				"down": {"uv": [12, 10, 14, 11], "texture": "#1"}
			}
		},
		{
			"name": "pickaxe_8",
			"from": [6, 5, 7],
			"to": [7, 8, 8],
			"rotation": {"angle": 0, "axis": "y", "origin": [1, 1, 0]},
			"faces": {
				"north": {"uv": [7, 11, 8, 8], "rotation": 180, "texture": "#1"},
				"east": {"uv": [7, 8, 8, 11], "texture": "#1"},
				"south": {"uv": [7, 8, 8, 11], "texture": "#1"},
				"west": {"uv": [7, 8, 8, 11], "texture": "#1"},
				"up": {"uv": [8, 8, 7, 9], "rotation": 180, "texture": "#1"},
				"down": {"uv": [7, 10, 8, 11], "texture": "#1"}
			}
		},
		{
			"name": "pickaxe_9",
			"from": [13, 5, 7],
			"to": [14, 8, 8],
			"rotation": {"angle": 0, "axis": "y", "origin": [1, 1, 0]},
			"faces": {
				"north": {"uv": [14, 11, 15, 8], "rotation": 180, "texture": "#1"},
				"east": {"uv": [14, 8, 15, 11], "texture": "#1"},
				"south": {"uv": [14, 8, 15, 11], "texture": "#1"},
				"west": {"uv": [14, 8, 15, 11], "texture": "#1"},
				"up": {"uv": [15, 8, 14, 9], "rotation": 180, "texture": "#1"},
				"down": {"uv": [14, 10, 15, 11], "texture": "#1"}
			}
		},
		{
			"name": "pickaxe_10",
			"from": [5, 4, 7],
			"to": [6, 7, 8],
			"rotation": {"angle": 0, "axis": "y", "origin": [1, 1, 0]},
			"faces": {
				"north": {"uv": [6, 12, 7, 9], "rotation": 180, "texture": "#1"},
				"east": {"uv": [6, 9, 7, 12], "texture": "#1"},
				"south": {"uv": [6, 9, 7, 12], "texture": "#1"},
				"west": {"uv": [6, 9, 7, 12], "texture": "#1"},
				"up": {"uv": [7, 9, 6, 10], "rotation": 180, "texture": "#1"},
				"down": {"uv": [6, 11, 7, 12], "texture": "#1"}
			}
		},
		{
			"name": "pickaxe_11",
			"from": [4, 3, 7],
			"to": [5, 6, 8],
			"rotation": {"angle": 0, "axis": "y", "origin": [1, 1, 0]},
			"faces": {
				"north": {"uv": [5, 13, 6, 10], "rotation": 180, "texture": "#1"},
				"east": {"uv": [5, 10, 6, 13], "texture": "#1"},
				"south": {"uv": [5, 10, 6, 13], "texture": "#1"},
				"west": {"uv": [5, 10, 6, 13], "texture": "#1"},
				"up": {"uv": [6, 10, 5, 11], "rotation": 180, "texture": "#1"},
				"down": {"uv": [5, 12, 6, 13], "texture": "#1"}
			}
		},
		{
			"name": "pickaxe_12",
			"from": [3, 2, 7],
			"to": [4, 5, 8],
			"rotation": {"angle": 0, "axis": "y", "origin": [1, 1, 0]},
			"faces": {
				"north": {"uv": [4, 14, 5, 11], "rotation": 180, "texture": "#1"},
				"east": {"uv": [4, 11, 5, 14], "texture": "#1"},
				"south": {"uv": [4, 11, 5, 14], "texture": "#1"},
				"west": {"uv": [4, 11, 5, 14], "texture": "#1"},
				"up": {"uv": [5, 11, 4, 12], "rotation": 180, "texture": "#1"},
				"down": {"uv": [4, 13, 5, 14], "texture": "#1"}
			}
		},
		{
			"name": "pickaxe_13",
			"from": [12, 4, 7],
			"to": [13, 5, 8],
			"rotation": {"angle": 0, "axis": "y", "origin": [1, 1, 0]},
			"faces": {
				"north": {"uv": [13, 12, 14, 11], "rotation": 180, "texture": "#1"},
				"east": {"uv": [13, 11, 14, 12], "texture": "#1"},
				"south": {"uv": [13, 11, 14, 12], "texture": "#1"},
				"west": {"uv": [13, 11, 14, 12], "texture": "#1"},
				"up": {"uv": [14, 11, 13, 12], "rotation": 180, "texture": "#1"},
				"down": {"uv": [13, 11, 14, 12], "texture": "#1"}
			}
		},
		{
			"name": "pickaxe_14",
			"from": [2, 1, 7],
			"to": [3, 4, 8],
			"rotation": {"angle": 0, "axis": "y", "origin": [1, 1, 0]},
			"faces": {
				"north": {"uv": [3, 15, 4, 12], "rotation": 180, "texture": "#1"},
				"east": {"uv": [3, 12, 4, 15], "texture": "#1"},
				"south": {"uv": [3, 12, 4, 15], "texture": "#1"},
				"west": {"uv": [3, 12, 4, 15], "texture": "#1"},
				"up": {"uv": [4, 12, 3, 13], "rotation": 180, "texture": "#1"},
				"down": {"uv": [3, 14, 4, 15], "texture": "#1"}
			}
		},
		{
			"name": "pickaxe_15",
			"from": [1, 1, 7],
			"to": [2, 3, 8],
			"rotation": {"angle": 0, "axis": "y", "origin": [1, 1, 0]},
			"faces": {
				"north": {"uv": [2, 15, 3, 13], "rotation": 180, "texture": "#1"},
				"east": {"uv": [2, 13, 3, 15], "texture": "#1"},
				"south": {"uv": [2, 13, 3, 15], "texture": "#1"},
				"west": {"uv": [2, 13, 3, 15], "texture": "#1"},
				"up": {"uv": [3, 13, 2, 14], "rotation": 180, "texture": "#1"},
				"down": {"uv": [2, 14, 3, 15], "texture": "#1"}
			}
		}
	],
	"gui_light": "front",
	"display": {
		"thirdperson_righthand": {
			"rotation": [0, -90, 55],
			"translation": [0, 4, 0.5],
			"scale": [0.85, 0.85, 0.85]
		},
		"thirdperson_lefthand": {
			"rotation": [0, 90, -55],
			"translation": [0, 4, 0.5],
			"scale": [0.85, 0.85, 0.85]
		},
		"firstperson_righthand": {
			"rotation": [0, -90, 25],
			"translation": [1.13, 3.2, 1.13],
			"scale": [0.68, 0.68, 0.68]
		},
		"firstperson_lefthand": {
			"rotation": [0, 90, -25],
			"translation": [1.13, 3.2, 1.13],
			"scale": [0.68, 0.68, 0.68]
		},
		"ground": {
			"translation": [0, 2, 0],
			"scale": [0.5, 0.5, 0.5]
		}
	},
	"groups": [
		0,
		1,
		{
			"name": "pickaxe",
			"origin": [8, 8, 8],
			"color": 0,
			"children": [2, 3, 4, 5, 6, 7, 8, 9, 10, 11, 12, 13, 14, 15, 16, 17]
		}
	]
}