{
	"credit": "Made with Blockbench",
	"textures": {
		"2": "custom/item/sets/midnight/flame",
		"3": "custom/item/sets/midnight/sword",
		"particle": "custom/item/sets/midnight/pickaxe"
	},
	"elements": [
		{
			"from": [6, 6.1, 7.5],
			"to": [22, 22.1, 7.5],
			"rotation": {"angle": 0, "axis": "z", "origin": [1, 17, 0]},
			"faces": {
				"north": {"uv": [0, 0, 16, 16], "rotation": 90, "texture": "#2"},
				"east": {"uv": [0, 16, 0, 0], "texture": "#missing"},
				"south": {"uv": [16, 0, 0, 16], "rotation": 270, "texture": "#2"},
				"west": {"uv": [0, 16, 0, 0], "texture": "#missing"},
				"up": {"uv": [0, 0, 16, 0], "texture": "#missing"},
				"down": {"uv": [0, 0, 16, 0], "texture": "#missing"}
			}
		},
		{
			"name": "sword_0",
			"from": [13, 13, 7],
			"to": [16, 16, 8],
			"faces": {
				"north": {"uv": [13, 3, 16, 0], "rotation": 180, "texture": "#3"},
				"east": {"uv": [15, 0, 16, 3], "texture": "#3"},
				"south": {"uv": [13, 0, 16, 3], "texture": "#3"},
				"west": {"uv": [13, 0, 14, 3], "texture": "#3"},
				"up": {"uv": [16, 0, 13, 1], "rotation": 180, "texture": "#3"},
				"down": {"uv": [13, 2, 16, 3], "texture": "#3"}
			}
		},
		{
			"name": "sword_1",
			"from": [12, 10, 7],
			"to": [13, 15, 8],
			"faces": {
				"north": {"uv": [12, 6, 13, 1], "rotation": 180, "texture": "#3"},
				"east": {"uv": [12, 1, 13, 6], "texture": "#3"},
				"south": {"uv": [12, 1, 13, 6], "texture": "#3"},
				"west": {"uv": [12, 1, 13, 6], "texture": "#3"},
				"up": {"uv": [13, 1, 12, 2], "rotation": 180, "texture": "#3"},
				"down": {"uv": [12, 5, 13, 6], "texture": "#3"}
			}
		},
		{
			"name": "sword_2",
			"from": [11, 9, 7],
			"to": [12, 14, 8],
			"faces": {
				"north": {"uv": [11, 7, 12, 2], "rotation": 180, "texture": "#3"},
				"east": {"uv": [11, 2, 12, 7], "texture": "#3"},
				"south": {"uv": [11, 2, 12, 7], "texture": "#3"},
				"west": {"uv": [11, 2, 12, 7], "texture": "#3"},
				"up": {"uv": [12, 2, 11, 3], "rotation": 180, "texture": "#3"},
				"down": {"uv": [11, 6, 12, 7], "texture": "#3"}
			}
		},
		{
			"name": "sword_3",
			"from": [10, 8, 7],
			"to": [11, 13, 8],
			"faces": {
				"north": {"uv": [10, 8, 11, 3], "rotation": 180, "texture": "#3"},
				"east": {"uv": [10, 3, 11, 8], "texture": "#3"},
				"south": {"uv": [10, 3, 11, 8], "texture": "#3"},
				"west": {"uv": [10, 3, 11, 8], "texture": "#3"},
				"up": {"uv": [11, 3, 10, 4], "rotation": 180, "texture": "#3"},
				"down": {"uv": [10, 7, 11, 8], "texture": "#3"}
			}
		},
		{
			"name": "sword_4",
			"from": [13, 12, 7],
			"to": [15, 13, 8],
			"faces": {
				"north": {"uv": [13, 4, 15, 3], "rotation": 180, "texture": "#3"},
				"east": {"uv": [14, 3, 15, 4], "texture": "#3"},
				"south": {"uv": [13, 3, 15, 4], "texture": "#3"},
				"west": {"uv": [13, 3, 14, 4], "texture": "#3"},
				"up": {"uv": [15, 3, 13, 4], "rotation": 180, "texture": "#3"},
				"down": {"uv": [13, 3, 15, 4], "texture": "#3"}
			}
		},
		{
			"name": "sword_5",
			"from": [9, 7, 7],
			"to": [10, 12, 8],
			"faces": {
				"north": {"uv": [9, 9, 10, 4], "rotation": 180, "texture": "#3"},
				"east": {"uv": [9, 4, 10, 9], "texture": "#3"},
				"south": {"uv": [9, 4, 10, 9], "texture": "#3"},
				"west": {"uv": [9, 4, 10, 9], "texture": "#3"},
				"up": {"uv": [10, 4, 9, 5], "rotation": 180, "texture": "#3"},
				"down": {"uv": [9, 8, 10, 9], "texture": "#3"}
			}
		},
		{
			"name": "sword_6",
			"from": [13, 11, 7],
			"to": [14, 12, 8],
			"faces": {
				"north": {"uv": [13, 5, 14, 4], "rotation": 180, "texture": "#3"},
				"east": {"uv": [13, 4, 14, 5], "texture": "#3"},
				"south": {"uv": [13, 4, 14, 5], "texture": "#3"},
				"west": {"uv": [13, 4, 14, 5], "texture": "#3"},
				"up": {"uv": [14, 4, 13, 5], "rotation": 180, "texture": "#3"},
				"down": {"uv": [13, 4, 14, 5], "texture": "#3"}
			}
		},
		{
			"name": "sword_7",
			"from": [8, 6, 7],
			"to": [9, 11, 8],
			"faces": {
				"north": {"uv": [8, 10, 9, 5], "rotation": 180, "texture": "#3"},
				"east": {"uv": [8, 5, 9, 10], "texture": "#3"},
				"south": {"uv": [8, 5, 9, 10], "texture": "#3"},
				"west": {"uv": [8, 5, 9, 10], "texture": "#3"},
				"up": {"uv": [9, 5, 8, 6], "rotation": 180, "texture": "#3"},
				"down": {"uv": [8, 9, 9, 10], "texture": "#3"}
			}
		},
		{
			"name": "sword_8",
			"from": [7, 5, 7],
			"to": [8, 10, 8],
			"faces": {
				"north": {"uv": [7, 11, 8, 6], "rotation": 180, "texture": "#3"},
				"east": {"uv": [7, 6, 8, 11], "texture": "#3"},
				"south": {"uv": [7, 6, 8, 11], "texture": "#3"},
				"west": {"uv": [7, 6, 8, 11], "texture": "#3"},
				"up": {"uv": [8, 6, 7, 7], "rotation": 180, "texture": "#3"},
				"down": {"uv": [7, 10, 8, 11], "texture": "#3"}
			}
		},
		{
			"name": "sword_9",
			"from": [3, 2, 7],
			"to": [4, 9, 8],
			"faces": {
				"north": {"uv": [3, 14, 4, 7], "rotation": 180, "texture": "#3"},
				"east": {"uv": [3, 7, 4, 14], "texture": "#3"},
				"south": {"uv": [3, 7, 4, 14], "texture": "#3"},
				"west": {"uv": [3, 7, 4, 14], "texture": "#3"},
				"up": {"uv": [4, 7, 3, 8], "rotation": 180, "texture": "#3"},
				"down": {"uv": [3, 13, 4, 14], "texture": "#3"}
			}
		},
		{
			"name": "sword_10",
			"from": [6, 2, 7],
			"to": [7, 9, 8],
			"faces": {
				"north": {"uv": [6, 14, 7, 7], "rotation": 180, "texture": "#3"},
				"east": {"uv": [6, 7, 7, 14], "texture": "#3"},
				"south": {"uv": [6, 7, 7, 14], "texture": "#3"},
				"west": {"uv": [6, 7, 7, 14], "texture": "#3"},
				"up": {"uv": [7, 7, 6, 8], "rotation": 180, "texture": "#3"},
				"down": {"uv": [6, 13, 7, 14], "texture": "#3"}
			}
		},
		{
			"name": "sword_11",
			"from": [2, 6, 7],
			"to": [3, 8, 8],
			"faces": {
				"north": {"uv": [2, 10, 3, 8], "rotation": 180, "texture": "#3"},
				"east": {"uv": [2, 8, 3, 10], "texture": "#3"},
				"south": {"uv": [2, 8, 3, 10], "texture": "#3"},
				"west": {"uv": [2, 8, 3, 10], "texture": "#3"},
				"up": {"uv": [3, 8, 2, 9], "rotation": 180, "texture": "#3"},
				"down": {"uv": [2, 9, 3, 10], "texture": "#3"}
			}
		},
		{
			"name": "sword_12",
			"from": [5, 3, 7],
			"to": [6, 8, 8],
			"faces": {
				"north": {"uv": [5, 13, 6, 8], "rotation": 180, "texture": "#3"},
				"east": {"uv": [5, 8, 6, 13], "texture": "#3"},
				"south": {"uv": [5, 8, 6, 13], "texture": "#3"},
				"west": {"uv": [5, 8, 6, 13], "texture": "#3"},
				"up": {"uv": [6, 8, 5, 9], "rotation": 180, "texture": "#3"},
				"down": {"uv": [5, 12, 6, 13], "texture": "#3"}
			}
		},
		{
			"name": "sword_13",
			"from": [4, 3, 7],
			"to": [5, 7, 8],
			"faces": {
				"north": {"uv": [4, 13, 5, 9], "rotation": 180, "texture": "#3"},
				"east": {"uv": [4, 9, 5, 13], "texture": "#3"},
				"south": {"uv": [4, 9, 5, 13], "texture": "#3"},
				"west": {"uv": [4, 9, 5, 13], "texture": "#3"},
				"up": {"uv": [5, 9, 4, 10], "rotation": 180, "texture": "#3"},
				"down": {"uv": [4, 12, 5, 13], "texture": "#3"}
			}
		},
		{
			"name": "sword_14",
			"from": [2, 1, 7],
			"to": [3, 4, 8],
			"faces": {
				"north": {"uv": [2, 15, 3, 12], "rotation": 180, "texture": "#3"},
				"east": {"uv": [2, 12, 3, 15], "texture": "#3"},
				"south": {"uv": [2, 12, 3, 15], "texture": "#3"},
				"west": {"uv": [2, 12, 3, 15], "texture": "#3"},
				"up": {"uv": [3, 12, 2, 13], "rotation": 180, "texture": "#3"},
				"down": {"uv": [2, 14, 3, 15], "texture": "#3"}
			}
		},
		{
			"name": "sword_15",
			"from": [7, 3, 7],
			"to": [9, 4, 8],
			"faces": {
				"north": {"uv": [7, 13, 9, 12], "rotation": 180, "texture": "#3"},
				"east": {"uv": [8, 12, 9, 13], "texture": "#3"},
				"south": {"uv": [7, 12, 9, 13], "texture": "#3"},
				"west": {"uv": [7, 12, 8, 13], "texture": "#3"},
				"up": {"uv": [9, 12, 7, 13], "rotation": 180, "texture": "#3"},
				"down": {"uv": [7, 12, 9, 13], "texture": "#3"}
			}
		},
		{
			"name": "sword_16",
			"from": [1, 0, 7],
			"to": [2, 3, 8],
			"faces": {
				"north": {"uv": [1, 16, 2, 13], "rotation": 180, "texture": "#3"},
				"east": {"uv": [1, 13, 2, 16], "texture": "#3"},
				"south": {"uv": [1, 13, 2, 16], "texture": "#3"},
				"west": {"uv": [1, 13, 2, 16], "texture": "#3"},
				"up": {"uv": [2, 13, 1, 14], "rotation": 180, "texture": "#3"},
				"down": {"uv": [1, 15, 2, 16], "texture": "#3"}
			}
		},
		{
			"name": "sword_17",
			"from": [7, 2, 7],
			"to": [8, 3, 8],
			"faces": {
				"north": {"uv": [7, 14, 8, 13], "rotation": 180, "texture": "#3"},
				"east": {"uv": [7, 13, 8, 14], "texture": "#3"},
				"south": {"uv": [7, 13, 8, 14], "texture": "#3"},
				"west": {"uv": [7, 13, 8, 14], "texture": "#3"},
				"up": {"uv": [8, 13, 7, 14], "rotation": 180, "texture": "#3"},
				"down": {"uv": [7, 13, 8, 14], "texture": "#3"}
			}
		},
		{
			"name": "sword_18",
			"from": [0, 0, 7],
			"to": [1, 2, 8],
			"faces": {
				"north": {"uv": [0, 16, 1, 14], "rotation": 180, "texture": "#3"},
				"east": {"uv": [0, 14, 1, 16], "texture": "#3"},
				"south": {"uv": [0, 14, 1, 16], "texture": "#3"},
				"west": {"uv": [0, 14, 1, 16], "texture": "#3"},
				"up": {"uv": [1, 14, 0, 15], "rotation": 180, "texture": "#3"},
				"down": {"uv": [0, 15, 1, 16], "texture": "#3"}
			}
		}
	],
	"gui_light": "front",
	"display": {
		"thirdperson_righthand": {
			"rotation": [0, -90, 55],
			"translation": [0, 4, 0.5],
			"scale": [0.85, 0.85, 0.85]
		},
		"thirdperson_lefthand": {
			"rotation": [0, 90, -55],
			"translation": [0, 4, 0.5],
			"scale": [0.85, 0.85, 0.85]
		},
		"firstperson_righthand": {
			"rotation": [0, -90, 25],
			"translation": [1.13, 3.2, 1.13],
			"scale": [0.68, 0.68, 0.68]
		},
		"firstperson_lefthand": {
			"rotation": [0, 90, -25],
			"translation": [1.13, 3.2, 1.13],
			"scale": [0.68, 0.68, 0.68]
		},
		"ground": {
			"translation": [0, 2, 0],
			"scale": [0.5, 0.5, 0.5]
		}
	},
	"groups": [
		0,
		{
			"name": "sword",
			"origin": [8, 8, 8],
			"color": 0,
			"children": [1, 2, 3, 4, 5, 6, 7, 8, 9, 10, 11, 12, 13, 14, 15, 16, 17, 18, 19]
		}
	]
}