{
  "overrides": [
    {
      "model": "custom/item/sets/panda/axe",
      "predicate": {
        "custom_model_data": 16
      }
    },
    {
      "model": "custom/item/sets/omega/axe",
      "predicate": {
        "custom_model_data": 32
      }
    },
    {
      "model": "custom/item/sets/cake/axe",
      "predicate": {
        "custom_model_data": 48
      }
    },
    {
      "model": "custom/item/sets/cookie/axe",
      "predicate": {
        "custom_model_data": 64
      }
    },
    {
      "model": "custom/item/sets/midnight/axe",
      "predicate": {
        "custom_model_data": 80
      }
    }
  ],
  "parent": "minecraft:item/handheld",
  "textures": {
    "layer0": "minecraft:item/netherite_axe"
  }
}