{
  "format_version": "1.8.0",
  "render_controllers": {
    "controller.render.vindicator": {
      "rebuild_animation_matrices": true,
      "geometry": "Geometry.default",
      "part_visibility": [
        { "rightArm": "query.is_angry" },
        { "leftArm": "query.is_angry" },
        { "rightItem": "query.is_angry" },
        { "Armright": "!query.is_angry" },
        { "Armleft": "!query.is_angry" }
      ],
      "materials": [ { "*": "Material.default" } ],
      "textures": [ "Texture.default" ]
    }
  }
}