{
  "format_version": "1.8.0",
  "render_controllers": {
    "controller.render.witch": {
      "geometry": "Geometry.default",
      "materials": [ { "*": "Material.default" } ],
      "textures": [ "Texture.default" ]
    },
    "controller.render.witch.v1.0": {
      "geometry": "Geometry.default",
      "materials": [ { "*": "Material.default" } ],
      "part_visibility": [
        {
          "*": true,
          "head": true,
          "rightArm": true,
          "body": true,
          "leftArm": true,
          "leftLeg": true,
          "rightLeg": true,
          "hat": true,
          "hat2": true,
          "hat3": true,
          "hat4": true,
          "held_item": true
        }
      ],
      "textures": [ "Texture.default" ]
    }
  }
}